2025-09-10 23:59:17,706 - main - INFO - Backendbot API iniciando...
2025-09-11 00:00:45,521 - main - INFO - Backendbot API apagándose...
2025-09-11 00:00:49,864 - main - INFO - Backendbot API iniciando...
2025-09-11 00:04:15,904 - main - INFO - Backendbot API apagándose...
2025-09-11 00:06:21,989 - main - INFO - Backendbot API iniciando...
2025-09-11 00:07:31,437 - main - INFO - Intento de autenticación para usuario: admin
2025-09-11 00:07:31,437 - main - INFO - Autenticación exitosa para usuario: admin
2025-09-11 00:07:31,438 - main - INFO - Configuración de alertas solicitada por usuario: admin
2025-09-11 00:08:18,867 - main - INFO - Intento de autenticación para usuario: admin
2025-09-11 00:08:18,867 - main - INFO - Autenticación exitosa para usuario: admin
2025-09-11 00:08:18,868 - main - INFO - Historial de métricas solicitado por usuario: admin, retornando 0 métricas
2025-09-11 00:09:38,705 - main - INFO - Intento de autenticación para usuario: admin
2025-09-11 00:09:38,705 - main - INFO - Autenticación exitosa para usuario: admin
2025-09-11 00:09:38,827 - main - WARNING - Alerta Memoria: 87.4% > 80.0%
2025-09-11 00:09:38,828 - main - INFO - Health check solicitado por usuario: admin
2025-09-11 00:09:44,977 - main - INFO - Intento de autenticación para usuario: admin
2025-09-11 00:09:44,977 - main - INFO - Autenticación exitosa para usuario: admin
2025-09-11 00:09:44,977 - main - INFO - Historial de métricas solicitado por usuario: admin, retornando 1 métricas
2025-09-11 00:09:51,466 - main - INFO - Backendbot API apagándose...
2025-09-11 00:09:52,516 - main - INFO - Backendbot API iniciando...
2025-09-11 00:10:09,578 - main - INFO - Intento de autenticación para usuario: admin
2025-09-11 00:10:09,579 - main - INFO - Autenticación exitosa para usuario: admin
2025-09-11 00:10:09,579 - main - INFO - Alertas solicitadas por usuario: admin, retornando 0 alertas
2025-09-11 00:10:09,742 - main - INFO - Backendbot API apagándose...
2025-09-11 00:13:50,035 - main - INFO - Backendbot API iniciando...
2025-09-11 00:13:58,278 - main - INFO - Backendbot API apagándose...
2025-09-11 00:13:59,869 - main - INFO - Backendbot API iniciando...
2025-09-11 00:13:59,963 - asyncio - ERROR - Task was destroyed but it is pending!
task: <Task pending name='Task-1' coro=<Server.serve() done, defined at C:\Users\DELL\AppData\Local\Programs\Python\Python312\Lib\site-packages\uvicorn\server.py:69> wait_for=<Future pending cb=[Task.task_wakeup()]>>
2025-09-11 00:14:00,003 - asyncio - ERROR - Task was destroyed but it is pending!
task: <Task pending name='Task-3' coro=<LifespanOn.main() running at C:\Users\DELL\AppData\Local\Programs\Python\Python312\Lib\site-packages\uvicorn\lifespan\on.py:86> wait_for=<Future pending cb=[Task.task_wakeup()]>>
2025-09-11 02:45:48,387 - main - INFO - Backendbot API iniciando...
2025-09-11 02:48:13,929 - main - INFO - Backendbot API apagándose...
2025-09-11 06:33:34,847 - __main__ - INFO - Iniciando servidor Uvicorn en 0.0.0.0:8000
2025-09-11 06:33:34,981 - main - INFO - Backendbot API iniciando...
2025-09-11 06:33:58,309 - main - INFO - Intento de autenticación para usuario: 
2025-09-11 06:33:58,310 - main - WARNING - Autenticación fallida para usuario: 
2025-09-11 06:33:58,881 - main - INFO - Intento de autenticación para usuario: 
2025-09-11 06:33:58,881 - main - WARNING - Autenticación fallida para usuario: 
2025-09-11 07:38:37,752 - main - INFO - Intento de autenticación para usuario: admin
2025-09-11 07:38:37,772 - main - INFO - Autenticación exitosa para usuario: admin
2025-09-11 07:38:38,080 - main - WARNING - Alerta Memoria: 92.5% > 80.0%
2025-09-11 07:38:38,081 - main - INFO - Health check solicitado por usuario: admin
2025-09-11 07:39:10,302 - main - INFO - Intento de autenticación para usuario: admin
2025-09-11 07:39:10,302 - main - INFO - Autenticación exitosa para usuario: admin
2025-09-11 07:39:10,405 - main - WARNING - Alerta Memoria: 92.0% > 80.0%
2025-09-11 07:39:10,405 - main - INFO - Health check solicitado por usuario: admin
2025-09-11 07:39:42,461 - main - INFO - Intento de autenticación para usuario: admin
2025-09-11 07:39:42,462 - main - INFO - Autenticación exitosa para usuario: admin
2025-09-11 07:39:42,566 - main - WARNING - Alerta Memoria: 92.6% > 80.0%
2025-09-11 07:39:42,566 - main - INFO - Health check solicitado por usuario: admin
2025-09-11 07:40:14,635 - main - INFO - Intento de autenticación para usuario: admin
2025-09-11 07:40:14,636 - main - INFO - Autenticación exitosa para usuario: admin
2025-09-11 07:40:14,739 - main - WARNING - Alerta Memoria: 94.5% > 80.0%
2025-09-11 07:40:14,739 - main - INFO - Health check solicitado por usuario: admin
2025-09-11 07:40:46,792 - main - INFO - Intento de autenticación para usuario: admin
2025-09-11 07:40:46,792 - main - INFO - Autenticación exitosa para usuario: admin
2025-09-11 07:40:46,895 - main - WARNING - Alerta Memoria: 95.1% > 80.0%
2025-09-11 07:40:46,896 - main - INFO - Health check solicitado por usuario: admin
2025-09-11 07:41:18,955 - main - INFO - Intento de autenticación para usuario: admin
2025-09-11 07:41:18,956 - main - INFO - Autenticación exitosa para usuario: admin
2025-09-11 07:41:19,058 - main - WARNING - Alerta Memoria: 94.5% > 80.0%
2025-09-11 07:41:19,058 - main - INFO - Health check solicitado por usuario: admin
2025-09-11 07:41:51,108 - main - INFO - Intento de autenticación para usuario: admin
2025-09-11 07:41:51,109 - main - INFO - Autenticación exitosa para usuario: admin
2025-09-11 07:41:51,213 - main - WARNING - Alerta Memoria: 85.0% > 80.0%
2025-09-11 07:41:51,214 - main - INFO - Health check solicitado por usuario: admin
2025-09-11 07:42:23,290 - main - INFO - Intento de autenticación para usuario: admin
2025-09-11 07:42:23,291 - main - INFO - Autenticación exitosa para usuario: admin
2025-09-11 07:42:23,393 - main - WARNING - Alerta Memoria: 86.8% > 80.0%
2025-09-11 07:42:23,394 - main - INFO - Health check solicitado por usuario: admin
2025-09-11 07:42:55,473 - main - INFO - Intento de autenticación para usuario: admin
2025-09-11 07:42:55,473 - main - INFO - Autenticación exitosa para usuario: admin
2025-09-11 07:42:55,576 - main - WARNING - Alerta Memoria: 87.9% > 80.0%
2025-09-11 07:42:55,576 - main - INFO - Health check solicitado por usuario: admin
2025-09-11 07:43:27,618 - main - INFO - Intento de autenticación para usuario: admin
2025-09-11 07:43:27,618 - main - INFO - Autenticación exitosa para usuario: admin
2025-09-11 07:43:27,722 - main - WARNING - Alerta CPU: 87.0% > 80.0%
2025-09-11 07:43:27,723 - main - WARNING - Alerta Memoria: 89.8% > 80.0%
2025-09-11 07:43:27,723 - main - INFO - Health check solicitado por usuario: admin
2025-09-11 07:43:59,777 - main - INFO - Intento de autenticación para usuario: admin
2025-09-11 07:43:59,777 - main - INFO - Autenticación exitosa para usuario: admin
2025-09-11 07:43:59,879 - main - WARNING - Alerta Memoria: 92.2% > 80.0%
2025-09-11 07:43:59,880 - main - INFO - Health check solicitado por usuario: admin
2025-09-11 07:44:31,926 - main - INFO - Intento de autenticación para usuario: admin
2025-09-11 07:44:31,927 - main - INFO - Autenticación exitosa para usuario: admin
2025-09-11 07:44:32,029 - main - WARNING - Alerta Memoria: 91.0% > 80.0%
2025-09-11 07:44:32,029 - main - INFO - Health check solicitado por usuario: admin
2025-09-11 07:45:04,095 - main - INFO - Intento de autenticación para usuario: admin
2025-09-11 07:45:04,095 - main - INFO - Autenticación exitosa para usuario: admin
2025-09-11 07:45:04,200 - main - WARNING - Alerta Memoria: 94.9% > 80.0%
2025-09-11 07:45:04,200 - main - INFO - Health check solicitado por usuario: admin
2025-09-11 07:45:36,294 - main - INFO - Intento de autenticación para usuario: admin
2025-09-11 07:45:36,295 - main - INFO - Autenticación exitosa para usuario: admin
2025-09-11 07:45:36,399 - main - WARNING - Alerta Memoria: 87.5% > 80.0%
2025-09-11 07:45:36,400 - main - INFO - Health check solicitado por usuario: admin
2025-09-11 07:46:08,472 - main - INFO - Intento de autenticación para usuario: admin
2025-09-11 07:46:08,472 - main - INFO - Autenticación exitosa para usuario: admin
2025-09-11 07:46:08,577 - main - WARNING - Alerta Memoria: 91.2% > 80.0%
2025-09-11 07:46:08,582 - main - INFO - Health check solicitado por usuario: admin
2025-09-11 07:46:40,646 - main - INFO - Intento de autenticación para usuario: admin
2025-09-11 07:46:40,647 - main - INFO - Autenticación exitosa para usuario: admin
2025-09-11 07:46:40,756 - main - WARNING - Alerta CPU: 86.7% > 80.0%
2025-09-11 07:46:40,757 - main - WARNING - Alerta Memoria: 89.2% > 80.0%
2025-09-11 07:46:40,757 - main - INFO - Health check solicitado por usuario: admin
2025-09-11 07:47:12,850 - main - INFO - Intento de autenticación para usuario: admin
2025-09-11 07:47:12,852 - main - INFO - Autenticación exitosa para usuario: admin
2025-09-11 07:47:12,958 - main - WARNING - Alerta Memoria: 94.0% > 80.0%
2025-09-11 07:47:12,962 - main - INFO - Health check solicitado por usuario: admin
2025-09-11 07:47:45,041 - main - INFO - Intento de autenticación para usuario: admin
2025-09-11 07:47:45,044 - main - INFO - Autenticación exitosa para usuario: admin
2025-09-11 07:47:45,154 - main - WARNING - Alerta CPU: 88.1% > 80.0%
2025-09-11 07:47:45,155 - main - WARNING - Alerta Memoria: 95.6% > 80.0%
2025-09-11 07:47:45,156 - main - INFO - Health check solicitado por usuario: admin
2025-09-11 07:48:17,291 - main - INFO - Intento de autenticación para usuario: admin
2025-09-11 07:48:17,292 - main - INFO - Autenticación exitosa para usuario: admin
2025-09-11 07:48:17,402 - main - WARNING - Alerta Memoria: 96.2% > 80.0%
2025-09-11 07:48:17,404 - main - INFO - Health check solicitado por usuario: admin
2025-09-11 07:48:49,535 - main - INFO - Intento de autenticación para usuario: admin
2025-09-11 07:48:49,556 - main - INFO - Autenticación exitosa para usuario: admin
2025-09-11 07:48:49,676 - main - WARNING - Alerta CPU: 98.1% > 80.0%
2025-09-11 07:48:49,677 - main - WARNING - Alerta Memoria: 95.8% > 80.0%
2025-09-11 07:48:49,683 - main - INFO - Health check solicitado por usuario: admin
2025-09-11 07:49:21,873 - main - INFO - Intento de autenticación para usuario: admin
2025-09-11 07:49:21,874 - main - INFO - Autenticación exitosa para usuario: admin
2025-09-11 07:49:21,987 - main - WARNING - Alerta CPU: 100.0% > 80.0%
2025-09-11 07:49:21,990 - main - WARNING - Alerta Memoria: 92.3% > 80.0%
2025-09-11 07:49:21,990 - main - INFO - Health check solicitado por usuario: admin
2025-09-11 07:49:54,057 - main - INFO - Intento de autenticación para usuario: admin
2025-09-11 07:49:54,062 - main - INFO - Autenticación exitosa para usuario: admin
2025-09-11 07:49:54,184 - main - WARNING - Alerta CPU: 100.0% > 80.0%
2025-09-11 07:49:54,191 - main - WARNING - Alerta Memoria: 94.7% > 80.0%
2025-09-11 07:49:54,209 - main - INFO - Health check solicitado por usuario: admin
2025-09-11 07:50:26,295 - main - INFO - Intento de autenticación para usuario: admin
2025-09-11 07:50:26,297 - main - INFO - Autenticación exitosa para usuario: admin
2025-09-11 07:50:26,419 - main - WARNING - Alerta CPU: 100.0% > 80.0%
2025-09-11 07:50:26,421 - main - WARNING - Alerta Memoria: 94.9% > 80.0%
2025-09-11 07:50:26,422 - main - INFO - Health check solicitado por usuario: admin
2025-09-11 07:50:58,503 - main - INFO - Intento de autenticación para usuario: admin
2025-09-11 07:50:58,504 - main - INFO - Autenticación exitosa para usuario: admin
2025-09-11 07:50:58,623 - main - WARNING - Alerta CPU: 100.0% > 80.0%
2025-09-11 07:50:58,642 - main - WARNING - Alerta Memoria: 95.6% > 80.0%
2025-09-11 07:50:58,652 - main - INFO - Health check solicitado por usuario: admin
2025-09-11 07:51:30,756 - main - INFO - Intento de autenticación para usuario: admin
2025-09-11 07:51:30,774 - main - INFO - Autenticación exitosa para usuario: admin
2025-09-11 07:51:30,892 - main - WARNING - Alerta CPU: 97.4% > 80.0%
2025-09-11 07:51:30,898 - main - WARNING - Alerta Memoria: 94.7% > 80.0%
2025-09-11 07:51:30,899 - main - INFO - Health check solicitado por usuario: admin
2025-09-11 07:52:02,975 - main - INFO - Intento de autenticación para usuario: admin
2025-09-11 07:52:02,977 - main - INFO - Autenticación exitosa para usuario: admin
2025-09-11 07:52:03,089 - main - WARNING - Alerta CPU: 83.7% > 80.0%
2025-09-11 07:52:03,090 - main - WARNING - Alerta Memoria: 89.3% > 80.0%
2025-09-11 07:52:03,090 - main - INFO - Health check solicitado por usuario: admin
2025-09-11 07:52:35,162 - main - INFO - Intento de autenticación para usuario: admin
2025-09-11 07:52:35,162 - main - INFO - Autenticación exitosa para usuario: admin
2025-09-11 07:52:35,268 - main - WARNING - Alerta CPU: 88.6% > 80.0%
2025-09-11 07:52:35,268 - main - WARNING - Alerta Memoria: 97.3% > 80.0%
2025-09-11 07:52:35,269 - main - INFO - Health check solicitado por usuario: admin
2025-09-11 07:53:07,357 - main - INFO - Intento de autenticación para usuario: admin
2025-09-11 07:53:07,358 - main - INFO - Autenticación exitosa para usuario: admin
2025-09-11 07:53:07,463 - main - WARNING - Alerta CPU: 86.7% > 80.0%
2025-09-11 07:53:07,464 - main - WARNING - Alerta Memoria: 92.8% > 80.0%
2025-09-11 07:53:07,465 - main - INFO - Health check solicitado por usuario: admin
2025-09-11 07:53:39,538 - main - INFO - Intento de autenticación para usuario: admin
2025-09-11 07:53:39,538 - main - INFO - Autenticación exitosa para usuario: admin
2025-09-11 07:53:39,645 - main - WARNING - Alerta CPU: 87.2% > 80.0%
2025-09-11 07:53:39,647 - main - WARNING - Alerta Memoria: 93.9% > 80.0%
2025-09-11 07:53:39,648 - main - INFO - Health check solicitado por usuario: admin
2025-09-11 07:54:11,700 - main - INFO - Intento de autenticación para usuario: admin
2025-09-11 07:54:11,701 - main - INFO - Autenticación exitosa para usuario: admin
2025-09-11 07:54:11,808 - main - WARNING - Alerta Memoria: 97.2% > 80.0%
2025-09-11 07:54:11,809 - main - INFO - Health check solicitado por usuario: admin
2025-09-11 07:54:43,890 - main - INFO - Intento de autenticación para usuario: admin
2025-09-11 07:54:43,891 - main - INFO - Autenticación exitosa para usuario: admin
2025-09-11 07:54:43,997 - main - WARNING - Alerta CPU: 89.0% > 80.0%
2025-09-11 07:54:43,997 - main - WARNING - Alerta Memoria: 97.5% > 80.0%
2025-09-11 07:54:43,998 - main - INFO - Health check solicitado por usuario: admin
2025-09-11 07:55:16,078 - main - INFO - Intento de autenticación para usuario: admin
2025-09-11 07:55:16,078 - main - INFO - Autenticación exitosa para usuario: admin
2025-09-11 07:55:16,181 - main - WARNING - Alerta Memoria: 90.3% > 80.0%
2025-09-11 07:55:16,182 - main - INFO - Health check solicitado por usuario: admin
2025-09-11 07:55:48,243 - main - INFO - Intento de autenticación para usuario: admin
2025-09-11 07:55:48,244 - main - INFO - Autenticación exitosa para usuario: admin
2025-09-11 07:55:48,347 - main - WARNING - Alerta CPU: 83.8% > 80.0%
2025-09-11 07:55:48,347 - main - WARNING - Alerta Memoria: 89.7% > 80.0%
2025-09-11 07:55:48,347 - main - INFO - Health check solicitado por usuario: admin
2025-09-11 07:56:20,413 - main - INFO - Intento de autenticación para usuario: admin
2025-09-11 07:56:20,413 - main - INFO - Autenticación exitosa para usuario: admin
2025-09-11 07:56:20,517 - main - WARNING - Alerta Memoria: 95.9% > 80.0%
2025-09-11 07:56:20,518 - main - INFO - Health check solicitado por usuario: admin
2025-09-11 07:56:52,597 - main - INFO - Intento de autenticación para usuario: admin
2025-09-11 07:56:52,598 - main - INFO - Autenticación exitosa para usuario: admin
2025-09-11 07:56:52,701 - main - WARNING - Alerta Memoria: 91.4% > 80.0%
2025-09-11 07:56:52,701 - main - INFO - Health check solicitado por usuario: admin
2025-09-11 07:57:24,737 - main - INFO - Intento de autenticación para usuario: admin
2025-09-11 07:57:24,737 - main - INFO - Autenticación exitosa para usuario: admin
2025-09-11 07:57:24,842 - main - INFO - Health check solicitado por usuario: admin
2025-09-11 07:57:56,890 - main - INFO - Intento de autenticación para usuario: admin
2025-09-11 07:57:56,890 - main - INFO - Autenticación exitosa para usuario: admin
2025-09-11 07:57:56,993 - main - WARNING - Alerta Memoria: 85.3% > 80.0%
2025-09-11 07:57:56,993 - main - INFO - Health check solicitado por usuario: admin
2025-09-11 07:58:29,037 - main - INFO - Intento de autenticación para usuario: admin
2025-09-11 07:58:29,037 - main - INFO - Autenticación exitosa para usuario: admin
2025-09-11 07:58:29,140 - main - INFO - Health check solicitado por usuario: admin
2025-09-11 07:59:01,213 - main - INFO - Intento de autenticación para usuario: admin
2025-09-11 07:59:01,213 - main - INFO - Autenticación exitosa para usuario: admin
2025-09-11 07:59:01,317 - main - INFO - Health check solicitado por usuario: admin
2025-09-11 07:59:33,377 - main - INFO - Intento de autenticación para usuario: admin
2025-09-11 07:59:33,378 - main - INFO - Autenticación exitosa para usuario: admin
2025-09-11 07:59:33,486 - main - INFO - Health check solicitado por usuario: admin
2025-09-11 08:00:05,518 - main - INFO - Intento de autenticación para usuario: admin
2025-09-11 08:00:05,518 - main - INFO - Autenticación exitosa para usuario: admin
2025-09-11 08:00:05,620 - main - INFO - Health check solicitado por usuario: admin
2025-09-11 08:01:03,384 - main - INFO - Intento de autenticación para usuario: admin
2025-09-11 08:01:03,384 - main - INFO - Autenticación exitosa para usuario: admin
2025-09-11 08:01:03,488 - main - INFO - Health check solicitado por usuario: admin
2025-09-11 08:01:35,547 - main - INFO - Intento de autenticación para usuario: admin
2025-09-11 08:01:35,548 - main - INFO - Autenticación exitosa para usuario: admin
2025-09-11 08:01:35,654 - main - WARNING - Alerta Memoria: 89.1% > 80.0%
2025-09-11 08:01:35,655 - main - INFO - Health check solicitado por usuario: admin
2025-09-11 08:02:07,788 - main - INFO - Intento de autenticación para usuario: admin
2025-09-11 08:02:07,853 - main - INFO - Autenticación exitosa para usuario: admin
2025-09-11 08:02:08,108 - main - WARNING - Alerta CPU: 100.0% > 80.0%
2025-09-11 08:02:08,193 - main - WARNING - Alerta Memoria: 94.2% > 80.0%
2025-09-11 08:02:08,255 - main - INFO - Health check solicitado por usuario: admin
2025-09-11 08:02:40,320 - main - INFO - Intento de autenticación para usuario: admin
2025-09-11 08:02:40,320 - main - INFO - Autenticación exitosa para usuario: admin
2025-09-11 08:02:40,424 - main - WARNING - Alerta Memoria: 96.0% > 80.0%
2025-09-11 08:02:40,424 - main - INFO - Health check solicitado por usuario: admin
2025-09-11 08:03:12,485 - main - INFO - Intento de autenticación para usuario: admin
2025-09-11 08:03:12,486 - main - INFO - Autenticación exitosa para usuario: admin
2025-09-11 08:03:12,589 - main - WARNING - Alerta Memoria: 89.2% > 80.0%
2025-09-11 08:03:12,590 - main - INFO - Health check solicitado por usuario: admin
2025-09-11 08:03:44,651 - main - INFO - Intento de autenticación para usuario: admin
2025-09-11 08:03:44,651 - main - INFO - Autenticación exitosa para usuario: admin
2025-09-11 08:03:44,756 - main - WARNING - Alerta Memoria: 92.3% > 80.0%
2025-09-11 08:03:44,757 - main - INFO - Health check solicitado por usuario: admin
2025-09-11 08:04:16,812 - main - INFO - Intento de autenticación para usuario: admin
2025-09-11 08:04:16,812 - main - INFO - Autenticación exitosa para usuario: admin
2025-09-11 08:04:16,915 - main - WARNING - Alerta Memoria: 93.5% > 80.0%
2025-09-11 08:04:16,916 - main - INFO - Health check solicitado por usuario: admin
2025-09-11 08:04:48,973 - main - INFO - Intento de autenticación para usuario: admin
2025-09-11 08:04:48,973 - main - INFO - Autenticación exitosa para usuario: admin
2025-09-11 08:04:49,088 - main - WARNING - Alerta CPU: 94.8% > 80.0%
2025-09-11 08:04:49,089 - main - WARNING - Alerta Memoria: 96.9% > 80.0%
2025-09-11 08:04:49,090 - main - INFO - Health check solicitado por usuario: admin
2025-09-11 08:05:21,160 - main - INFO - Intento de autenticación para usuario: admin
2025-09-11 08:05:21,160 - main - INFO - Autenticación exitosa para usuario: admin
2025-09-11 08:05:21,268 - main - WARNING - Alerta CPU: 87.9% > 80.0%
2025-09-11 08:05:21,268 - main - WARNING - Alerta Memoria: 96.4% > 80.0%
2025-09-11 08:05:21,274 - main - INFO - Health check solicitado por usuario: admin
2025-09-11 08:05:53,330 - main - INFO - Intento de autenticación para usuario: admin
2025-09-11 08:05:53,332 - main - INFO - Autenticación exitosa para usuario: admin
2025-09-11 08:05:53,436 - main - WARNING - Alerta CPU: 98.3% > 80.0%
2025-09-11 08:05:53,437 - main - WARNING - Alerta Memoria: 94.1% > 80.0%
2025-09-11 08:05:53,437 - main - INFO - Health check solicitado por usuario: admin
2025-09-11 08:06:25,485 - main - INFO - Intento de autenticación para usuario: admin
2025-09-11 08:06:25,486 - main - INFO - Autenticación exitosa para usuario: admin
2025-09-11 08:06:25,590 - main - WARNING - Alerta CPU: 80.2% > 80.0%
2025-09-11 08:06:25,590 - main - WARNING - Alerta Memoria: 90.9% > 80.0%
2025-09-11 08:06:25,591 - main - INFO - Health check solicitado por usuario: admin
2025-09-11 08:06:57,653 - main - INFO - Intento de autenticación para usuario: admin
2025-09-11 08:06:57,654 - main - INFO - Autenticación exitosa para usuario: admin
2025-09-11 08:06:57,764 - main - WARNING - Alerta CPU: 87.8% > 80.0%
2025-09-11 08:06:57,765 - main - WARNING - Alerta Memoria: 84.8% > 80.0%
2025-09-11 08:06:57,766 - main - INFO - Health check solicitado por usuario: admin
2025-09-11 08:07:29,828 - main - INFO - Intento de autenticación para usuario: admin
2025-09-11 08:07:29,829 - main - INFO - Autenticación exitosa para usuario: admin
2025-09-11 08:07:29,934 - main - WARNING - Alerta CPU: 86.7% > 80.0%
2025-09-11 08:07:29,936 - main - WARNING - Alerta Memoria: 88.3% > 80.0%
2025-09-11 08:07:29,938 - main - INFO - Health check solicitado por usuario: admin
2025-09-11 08:10:25,150 - __main__ - INFO - Iniciando servidor Uvicorn en 0.0.0.0:8000
2025-09-11 08:10:25,970 - main - INFO - Backendbot API iniciando...
2025-09-11 08:13:14,397 - main - INFO - Intento de autenticación para usuario: admin
2025-09-11 08:13:14,416 - main - INFO - Autenticación exitosa para usuario: admin
2025-09-11 08:13:14,419 - main - INFO - Acceso al endpoint raíz por usuario: admin
2025-09-11 08:20:07,566 - main - INFO - Backendbot API apagándose...
2025-09-11 16:11:47,842 - backendbot - INFO - Error conectando con Ollama: Connection failed
2025-09-11 16:11:47,857 - asyncio - ERROR - Unclosed client session
client_session: <aiohttp.client.ClientSession object at 0x0000025C6834F800>
2025-09-11 16:11:47,954 - asyncio - ERROR - Unclosed client session
client_session: <aiohttp.client.ClientSession object at 0x0000025C682DFB30>
2025-09-11 16:11:47,954 - asyncio - ERROR - Unclosed client session
client_session: <aiohttp.client.ClientSession object at 0x0000025C6834CE30>
2025-09-11 16:11:47,956 - backendbot - INFO - Error guardando conversaciones de IA: Object of type AsyncMock is not JSON serializable
2025-09-11 16:11:47,985 - backendbot - INFO - Error cargando conversaciones de IA: Expecting value: line 41 column 22 (char 1018)
2025-09-11 16:11:47,989 - backendbot - INFO - Error cargando conversaciones de IA: Expecting value: line 41 column 22 (char 1018)
2025-09-11 16:11:48,003 - backendbot - INFO - Error cargando conversaciones de IA: Expecting value: line 41 column 22 (char 1018)
2025-09-11 16:11:48,015 - backendbot - INFO - Error cargando conversaciones de IA: Expecting value: line 41 column 22 (char 1018)
2025-09-11 16:11:48,018 - backendbot - INFO - Error cargando conversaciones de IA: Expecting value: line 41 column 22 (char 1018)
2025-09-11 16:11:48,025 - backendbot - INFO - Error guardando conversaciones de IA: Object of type AsyncMock is not JSON serializable
2025-09-11 16:11:48,054 - backendbot - INFO - Error cargando conversaciones de IA: Expecting value: line 30 column 22 (char 807)
2025-09-11 16:11:48,070 - backendbot - INFO - Error cargando conversaciones de IA: Expecting value: line 30 column 22 (char 807)
2025-09-11 16:11:48,074 - backendbot - INFO - Error guardando conversaciones de IA: Object of type AsyncMock is not JSON serializable
2025-09-11 16:11:48,100 - backendbot - INFO - Error cargando conversaciones de IA: Expecting value: line 30 column 22 (char 760)
2025-09-11 16:11:48,104 - backendbot - INFO - Error guardando conversaciones de IA: Object of type AsyncMock is not JSON serializable
2025-09-11 16:11:48,261 - asyncio - ERROR - Unclosed client session
client_session: <aiohttp.client.ClientSession object at 0x0000025C6821A360>
2025-09-11 16:11:54,641 - backendbot - INFO - Error cargando conversaciones de IA: Expecting value: line 30 column 22 (char 826)
2025-09-11 16:12:20,177 - backendbot - INFO - Error cargando conversaciones de IA: Expecting value: line 30 column 22 (char 826)
2025-09-11 16:12:32,482 - backendbot - INFO - Error cargando conversaciones de IA: Expecting value: line 30 column 22 (char 826)
2025-09-11 16:12:52,680 - backendbot - INFO - Error cargando conversaciones de IA: Expecting value: line 30 column 22 (char 826)
2025-09-11 16:13:06,462 - backendbot - INFO - Error cargando conversaciones de IA: Expecting value: line 30 column 22 (char 826)
2025-09-11 16:13:07,686 - httpx - INFO - HTTP Request: GET http://testserver/ai/status "HTTP/1.1 200 OK"
2025-09-11 16:13:07,696 - httpx - INFO - HTTP Request: GET http://testserver/ai/status "HTTP/1.1 200 OK"
2025-09-11 16:13:07,708 - httpx - INFO - HTTP Request: POST http://testserver/ai/conversation?model=llama2%3A7b&system_prompt=You+are+helpful "HTTP/1.1 200 OK"
2025-09-11 16:13:07,719 - httpx - INFO - HTTP Request: POST http://testserver/ai/conversation "HTTP/1.1 500 Internal Server Error"
2025-09-11 16:13:08,185 - httpx - INFO - HTTP Request: POST http://testserver/ai/conversation/conv_123/message "HTTP/1.1 422 Unprocessable Entity"
2025-09-11 16:13:08,205 - httpx - INFO - HTTP Request: POST http://testserver/ai/conversation/conv_123/message "HTTP/1.1 422 Unprocessable Entity"
2025-09-11 16:13:08,226 - httpx - INFO - HTTP Request: GET http://testserver/ai/conversations "HTTP/1.1 500 Internal Server Error"
2025-09-11 16:13:08,249 - httpx - INFO - HTTP Request: GET http://testserver/ai/conversation/conv_123 "HTTP/1.1 500 Internal Server Error"
2025-09-11 16:13:08,269 - httpx - INFO - HTTP Request: GET http://testserver/ai/conversation/nonexistent "HTTP/1.1 404 Not Found"
2025-09-11 16:13:08,277 - httpx - INFO - HTTP Request: POST http://testserver/ai/analyze-system "HTTP/1.1 200 OK"
2025-09-11 16:13:08,286 - httpx - INFO - HTTP Request: POST http://testserver/ai/analyze-system "HTTP/1.1 500 Internal Server Error"
2025-09-11 16:13:08,306 - httpx - INFO - HTTP Request: POST http://testserver/ai/agent "HTTP/1.1 422 Unprocessable Entity"
2025-09-11 16:13:08,324 - httpx - INFO - HTTP Request: POST http://testserver/ai/agent "HTTP/1.1 422 Unprocessable Entity"
2025-09-11 16:13:08,343 - httpx - INFO - HTTP Request: GET http://testserver/ai/agents "HTTP/1.1 200 OK"
2025-09-11 16:13:08,352 - httpx - INFO - HTTP Request: POST http://testserver/ai/agent/test_agent/task "HTTP/1.1 422 Unprocessable Entity"
2025-09-11 16:13:08,371 - httpx - INFO - HTTP Request: POST http://testserver/ai/agent/test_agent/task "HTTP/1.1 422 Unprocessable Entity"
2025-09-11 16:13:08,387 - httpx - INFO - HTTP Request: DELETE http://testserver/ai/conversation/conv_123 "HTTP/1.1 200 OK"
2025-09-11 16:13:08,400 - httpx - INFO - HTTP Request: DELETE http://testserver/ai/conversation/nonexistent "HTTP/1.1 404 Not Found"
2025-09-11 16:13:08,411 - httpx - INFO - HTTP Request: DELETE http://testserver/ai/agent/test_agent "HTTP/1.1 200 OK"
2025-09-11 16:13:08,420 - httpx - INFO - HTTP Request: DELETE http://testserver/ai/agent/nonexistent "HTTP/1.1 404 Not Found"
2025-09-11 16:13:08,427 - httpx - INFO - HTTP Request: GET http://testserver/ai/status "HTTP/1.1 500 Internal Server Error"
2025-09-11 16:13:08,435 - httpx - INFO - HTTP Request: POST http://testserver/ai/conversation "HTTP/1.1 500 Internal Server Error"
2025-09-11 16:13:09,023 - backendbot - INFO - Error cargando conversaciones de IA: Expecting value: line 30 column 22 (char 826)
2025-09-11 16:13:09,822 - src.backendbot - INFO - GPUtil available for GPU monitoring
2025-09-11 16:13:09,823 - src.backendbot - INFO - WMI available for Windows management
2025-09-11 16:13:09,823 - src.backendbot - INFO - psutil available for system monitoring
2025-09-11 16:13:47,888 - backendbot - INFO - Error cargando conversaciones de IA: Expecting value: line 30 column 22 (char 826)
2025-09-11 16:13:48,581 - src.backendbot - INFO - GPUtil available for GPU monitoring
2025-09-11 16:13:48,581 - src.backendbot - INFO - WMI available for Windows management
2025-09-11 16:13:48,581 - src.backendbot - INFO - psutil available for system monitoring
2025-09-11 16:13:50,436 - backendbot - INFO - Staging preview executed: 4 components
2025-09-11 16:14:18,427 - backendbot - INFO - Error cargando conversaciones de IA: Expecting value: line 30 column 22 (char 826)
2025-09-11 16:14:18,812 - src.backendbot - INFO - GPUtil available for GPU monitoring
2025-09-11 16:14:18,813 - src.backendbot - INFO - WMI available for Windows management
2025-09-11 16:14:18,813 - src.backendbot - INFO - psutil available for system monitoring
2025-09-11 16:14:26,553 - backendbot - INFO - Error cargando conversaciones de IA: Expecting value: line 30 column 22 (char 826)
2025-09-11 16:14:27,099 - uvicorn.error - INFO - Started server process [6292]
2025-09-11 16:14:27,099 - uvicorn.error - INFO - Waiting for application startup.
2025-09-11 16:14:28,339 - backendbot - INFO - Staging preview executed: 4 components
2025-09-11 16:14:28,352 - backendbot - INFO - Error inesperado en _handle_process_monitoring para PID 0: 'coroutine' object has no attribute 'get'
2025-09-11 16:14:28,365 - backendbot - INFO - Error inesperado en _handle_process_monitoring para PID 4: 'coroutine' object has no attribute 'get'
2025-09-11 16:14:28,381 - backendbot - INFO - Error inesperado en _handle_process_monitoring para PID 236: 'coroutine' object has no attribute 'get'
2025-09-11 16:14:28,397 - backendbot - INFO - Error inesperado en _handle_process_monitoring para PID 280: 'coroutine' object has no attribute 'get'
2025-09-11 16:14:28,398 - backendbot - INFO - Error inesperado en _handle_process_monitoring para PID 468: 'coroutine' object has no attribute 'get'
2025-09-11 16:14:28,415 - backendbot - INFO - Error inesperado en _handle_process_monitoring para PID 784: 'coroutine' object has no attribute 'get'
2025-09-11 16:14:28,415 - backendbot - INFO - Error inesperado en _handle_process_monitoring para PID 936: 'coroutine' object has no attribute 'get'
2025-09-11 16:14:28,432 - backendbot - INFO - Error inesperado en _handle_process_monitoring para PID 984: 'coroutine' object has no attribute 'get'
2025-09-11 16:14:28,447 - backendbot - INFO - Error inesperado en _handle_process_monitoring para PID 1344: 'coroutine' object has no attribute 'get'
2025-09-11 16:14:28,448 - backendbot - INFO - Error inesperado en _handle_process_monitoring para PID 1348: 'coroutine' object has no attribute 'get'
2025-09-11 16:14:28,460 - backendbot - INFO - Error inesperado en _handle_process_monitoring para PID 1576: 'coroutine' object has no attribute 'get'
2025-09-11 16:14:28,476 - backendbot - INFO - Error inesperado en _handle_process_monitoring para PID 1584: 'coroutine' object has no attribute 'get'
2025-09-11 16:14:28,476 - backendbot - INFO - Error inesperado en _handle_process_monitoring para PID 1608: 'coroutine' object has no attribute 'get'
2025-09-11 16:14:28,489 - backendbot - INFO - Error inesperado en _handle_process_monitoring para PID 1668: 'coroutine' object has no attribute 'get'
2025-09-11 16:14:28,500 - backendbot - INFO - Error inesperado en _handle_process_monitoring para PID 1716: 'coroutine' object has no attribute 'get'
2025-09-11 16:14:28,512 - backendbot - INFO - Error inesperado en _handle_process_monitoring para PID 1724: 'coroutine' object has no attribute 'get'
2025-09-11 16:14:28,523 - backendbot - INFO - Error inesperado en _handle_process_monitoring para PID 1744: 'coroutine' object has no attribute 'get'
2025-09-11 16:14:28,533 - backendbot - INFO - Error inesperado en _handle_process_monitoring para PID 1876: 'coroutine' object has no attribute 'get'
2025-09-11 16:14:28,534 - backendbot - INFO - Error inesperado en _handle_process_monitoring para PID 1892: 'coroutine' object has no attribute 'get'
2025-09-11 16:14:28,550 - backendbot - INFO - Error inesperado en _handle_process_monitoring para PID 1896: 'coroutine' object has no attribute 'get'
2025-09-11 16:14:28,563 - backendbot - INFO - Error inesperado en _handle_process_monitoring para PID 1904: 'coroutine' object has no attribute 'get'
2025-09-11 16:14:28,575 - backendbot - INFO - Error inesperado en _handle_process_monitoring para PID 2024: 'coroutine' object has no attribute 'get'
2025-09-11 16:14:28,576 - backendbot - INFO - Error inesperado en _handle_process_monitoring para PID 2088: 'coroutine' object has no attribute 'get'
2025-09-11 16:14:28,576 - backendbot - INFO - Error inesperado en _handle_process_monitoring para PID 2092: 'coroutine' object has no attribute 'get'
2025-09-11 16:14:28,587 - backendbot - INFO - Error inesperado en _handle_process_monitoring para PID 2108: 'coroutine' object has no attribute 'get'
2025-09-11 16:14:28,599 - backendbot - INFO - Error inesperado en _handle_process_monitoring para PID 2128: 'coroutine' object has no attribute 'get'
2025-09-11 16:14:28,609 - backendbot - INFO - Error inesperado en _handle_process_monitoring para PID 2212: 'coroutine' object has no attribute 'get'
2025-09-11 16:14:28,623 - backendbot - INFO - Error inesperado en _handle_process_monitoring para PID 2220: 'coroutine' object has no attribute 'get'
2025-09-11 16:14:28,635 - backendbot - INFO - Error inesperado en _handle_process_monitoring para PID 2228: 'coroutine' object has no attribute 'get'
2025-09-11 16:14:28,648 - backendbot - INFO - Error inesperado en _handle_process_monitoring para PID 2236: 'coroutine' object has no attribute 'get'
2025-09-11 16:14:28,649 - backendbot - INFO - Error inesperado en _handle_process_monitoring para PID 2384: 'coroutine' object has no attribute 'get'
2025-09-11 16:14:28,660 - backendbot - INFO - Error inesperado en _handle_process_monitoring para PID 2404: 'coroutine' object has no attribute 'get'
2025-09-11 16:14:28,673 - backendbot - INFO - Error inesperado en _handle_process_monitoring para PID 2412: 'coroutine' object has no attribute 'get'
2025-09-11 16:14:28,692 - backendbot - INFO - Error inesperado en _handle_process_monitoring para PID 2420: 'coroutine' object has no attribute 'get'
2025-09-11 16:14:28,706 - backendbot - INFO - Error inesperado en _handle_process_monitoring para PID 2432: 'coroutine' object has no attribute 'get'
2025-09-11 16:14:28,707 - backendbot - INFO - Error inesperado en _handle_process_monitoring para PID 2508: 'coroutine' object has no attribute 'get'
2025-09-11 16:14:28,723 - backendbot - INFO - Error inesperado en _handle_process_monitoring para PID 2512: 'coroutine' object has no attribute 'get'
2025-09-11 16:14:28,741 - backendbot - INFO - Error inesperado en _handle_process_monitoring para PID 2572: 'coroutine' object has no attribute 'get'
2025-09-11 16:14:28,757 - backendbot - INFO - Error inesperado en _handle_process_monitoring para PID 2600: 'coroutine' object has no attribute 'get'
2025-09-11 16:14:28,775 - backendbot - INFO - Error inesperado en _handle_process_monitoring para PID 2624: 'coroutine' object has no attribute 'get'
2025-09-11 16:14:28,789 - backendbot - INFO - Error inesperado en _handle_process_monitoring para PID 2664: 'coroutine' object has no attribute 'get'
2025-09-11 16:14:28,802 - backendbot - INFO - Error inesperado en _handle_process_monitoring para PID 2760: 'coroutine' object has no attribute 'get'
2025-09-11 16:14:28,815 - backendbot - INFO - Error inesperado en _handle_process_monitoring para PID 2772: 'coroutine' object has no attribute 'get'
2025-09-11 16:14:28,827 - backendbot - INFO - Error inesperado en _handle_process_monitoring para PID 2788: 'coroutine' object has no attribute 'get'
2025-09-11 16:14:28,841 - backendbot - INFO - Error inesperado en _handle_process_monitoring para PID 2796: 'coroutine' object has no attribute 'get'
2025-09-11 16:14:28,842 - backendbot - INFO - Error inesperado en _handle_process_monitoring para PID 2920: 'coroutine' object has no attribute 'get'
2025-09-11 16:14:28,855 - backendbot - INFO - Error inesperado en _handle_process_monitoring para PID 2964: 'coroutine' object has no attribute 'get'
2025-09-11 16:14:28,885 - backendbot - INFO - Error inesperado en _handle_process_monitoring para PID 3040: 'coroutine' object has no attribute 'get'
2025-09-11 16:14:28,898 - backendbot - INFO - Error inesperado en _handle_process_monitoring para PID 3152: 'coroutine' object has no attribute 'get'
2025-09-11 16:14:28,899 - backendbot - INFO - Error inesperado en _handle_process_monitoring para PID 3236: 'coroutine' object has no attribute 'get'
2025-09-11 16:14:28,899 - backendbot - INFO - Error inesperado en _handle_process_monitoring para PID 3260: 'coroutine' object has no attribute 'get'
2025-09-11 16:14:28,911 - backendbot - INFO - Error inesperado en _handle_process_monitoring para PID 3264: 'coroutine' object has no attribute 'get'
2025-09-11 16:14:28,925 - backendbot - INFO - Error inesperado en _handle_process_monitoring para PID 3304: 'coroutine' object has no attribute 'get'
2025-09-11 16:14:28,926 - backendbot - INFO - Error inesperado en _handle_process_monitoring para PID 3432: 'coroutine' object has no attribute 'get'
2025-09-11 16:14:28,937 - backendbot - INFO - Error inesperado en _handle_process_monitoring para PID 3456: 'coroutine' object has no attribute 'get'
2025-09-11 16:14:28,948 - backendbot - INFO - Error inesperado en _handle_process_monitoring para PID 3464: 'coroutine' object has no attribute 'get'
2025-09-11 16:14:28,960 - backendbot - INFO - Error inesperado en _handle_process_monitoring para PID 3476: 'coroutine' object has no attribute 'get'
2025-09-11 16:14:28,970 - backendbot - INFO - Error inesperado en _handle_process_monitoring para PID 3604: 'coroutine' object has no attribute 'get'
2025-09-11 16:14:28,982 - backendbot - INFO - Error inesperado en _handle_process_monitoring para PID 3612: 'coroutine' object has no attribute 'get'
2025-09-11 16:14:28,992 - backendbot - INFO - Error inesperado en _handle_process_monitoring para PID 3620: 'coroutine' object has no attribute 'get'
2025-09-11 16:14:29,003 - backendbot - INFO - Error inesperado en _handle_process_monitoring para PID 3628: 'coroutine' object has no attribute 'get'
2025-09-11 16:14:29,003 - backendbot - INFO - Error inesperado en _handle_process_monitoring para PID 3676: 'coroutine' object has no attribute 'get'
2025-09-11 16:14:29,014 - backendbot - INFO - Error inesperado en _handle_process_monitoring para PID 3740: 'coroutine' object has no attribute 'get'
2025-09-11 16:14:29,025 - backendbot - INFO - Error inesperado en _handle_process_monitoring para PID 3776: 'coroutine' object has no attribute 'get'
2025-09-11 16:14:29,035 - backendbot - INFO - Error inesperado en _handle_process_monitoring para PID 3796: 'coroutine' object has no attribute 'get'
2025-09-11 16:14:29,047 - backendbot - INFO - Error inesperado en _handle_process_monitoring para PID 3800: 'coroutine' object has no attribute 'get'
2025-09-11 16:14:29,059 - backendbot - INFO - Error inesperado en _handle_process_monitoring para PID 3812: 'coroutine' object has no attribute 'get'
2025-09-11 16:14:29,059 - backendbot - INFO - Error inesperado en _handle_process_monitoring para PID 3868: 'coroutine' object has no attribute 'get'
2025-09-11 16:14:29,075 - backendbot - INFO - Error inesperado en _handle_process_monitoring para PID 3948: 'coroutine' object has no attribute 'get'
2025-09-11 16:14:29,088 - backendbot - INFO - Error inesperado en _handle_process_monitoring para PID 3972: 'coroutine' object has no attribute 'get'
2025-09-11 16:14:29,101 - backendbot - INFO - Error inesperado en _handle_process_monitoring para PID 3996: 'coroutine' object has no attribute 'get'
2025-09-11 16:14:29,113 - backendbot - INFO - Error inesperado en _handle_process_monitoring para PID 4052: 'coroutine' object has no attribute 'get'
2025-09-11 16:14:29,114 - backendbot - INFO - Error inesperado en _handle_process_monitoring para PID 4160: 'coroutine' object has no attribute 'get'
2025-09-11 16:14:29,126 - backendbot - INFO - Error inesperado en _handle_process_monitoring para PID 4268: 'coroutine' object has no attribute 'get'
2025-09-11 16:14:29,137 - backendbot - INFO - Error inesperado en _handle_process_monitoring para PID 4292: 'coroutine' object has no attribute 'get'
2025-09-11 16:14:29,150 - backendbot - INFO - Error inesperado en _handle_process_monitoring para PID 4376: 'coroutine' object has no attribute 'get'
2025-09-11 16:14:29,151 - backendbot - INFO - Error inesperado en _handle_process_monitoring para PID 4448: 'coroutine' object has no attribute 'get'
2025-09-11 16:14:29,151 - backendbot - INFO - Error inesperado en _handle_process_monitoring para PID 4544: 'coroutine' object has no attribute 'get'
2025-09-11 16:14:29,162 - backendbot - INFO - Error inesperado en _handle_process_monitoring para PID 4652: 'coroutine' object has no attribute 'get'
2025-09-11 16:14:29,174 - backendbot - INFO - Error inesperado en _handle_process_monitoring para PID 4696: 'coroutine' object has no attribute 'get'
2025-09-11 16:14:29,186 - backendbot - INFO - Error inesperado en _handle_process_monitoring para PID 4784: 'coroutine' object has no attribute 'get'
2025-09-11 16:14:29,199 - backendbot - INFO - Error inesperado en _handle_process_monitoring para PID 4824: 'coroutine' object has no attribute 'get'
2025-09-11 16:14:29,211 - backendbot - INFO - Error inesperado en _handle_process_monitoring para PID 4832: 'coroutine' object has no attribute 'get'
2025-09-11 16:14:29,211 - backendbot - INFO - Error inesperado en _handle_process_monitoring para PID 4936: 'coroutine' object has no attribute 'get'
2025-09-11 16:14:29,225 - backendbot - INFO - Error inesperado en _handle_process_monitoring para PID 4940: 'coroutine' object has no attribute 'get'
2025-09-11 16:14:29,226 - backendbot - INFO - Error inesperado en _handle_process_monitoring para PID 4992: 'coroutine' object has no attribute 'get'
2025-09-11 16:14:29,239 - backendbot - INFO - Error inesperado en _handle_process_monitoring para PID 5016: 'coroutine' object has no attribute 'get'
2025-09-11 16:14:29,240 - backendbot - INFO - Error inesperado en _handle_process_monitoring para PID 5032: 'coroutine' object has no attribute 'get'
2025-09-11 16:14:29,240 - backendbot - INFO - Error inesperado en _handle_process_monitoring para PID 5040: 'coroutine' object has no attribute 'get'
2025-09-11 16:14:29,251 - backendbot - INFO - Error inesperado en _handle_process_monitoring para PID 5212: 'coroutine' object has no attribute 'get'
2025-09-11 16:14:29,252 - backendbot - INFO - Error inesperado en _handle_process_monitoring para PID 5296: 'coroutine' object has no attribute 'get'
2025-09-11 16:14:29,264 - backendbot - INFO - Error inesperado en _handle_process_monitoring para PID 5484: 'coroutine' object has no attribute 'get'
2025-09-11 16:14:29,265 - backendbot - INFO - Error inesperado en _handle_process_monitoring para PID 5508: 'coroutine' object has no attribute 'get'
2025-09-11 16:14:29,266 - backendbot - INFO - Error inesperado en _handle_process_monitoring para PID 5532: 'coroutine' object has no attribute 'get'
2025-09-11 16:14:29,278 - backendbot - INFO - Error inesperado en _handle_process_monitoring para PID 5544: 'coroutine' object has no attribute 'get'
2025-09-11 16:14:29,278 - backendbot - INFO - Error inesperado en _handle_process_monitoring para PID 5552: 'coroutine' object has no attribute 'get'
2025-09-11 16:14:29,292 - backendbot - INFO - Error inesperado en _handle_process_monitoring para PID 5556: 'coroutine' object has no attribute 'get'
2025-09-11 16:14:29,307 - backendbot - INFO - Error inesperado en _handle_process_monitoring para PID 5576: 'coroutine' object has no attribute 'get'
2025-09-11 16:14:29,319 - backendbot - INFO - Error inesperado en _handle_process_monitoring para PID 5588: 'coroutine' object has no attribute 'get'
2025-09-11 16:14:29,333 - backendbot - INFO - Error inesperado en _handle_process_monitoring para PID 5604: 'coroutine' object has no attribute 'get'
2025-09-11 16:14:29,347 - backendbot - INFO - Error inesperado en _handle_process_monitoring para PID 5612: 'coroutine' object has no attribute 'get'
2025-09-11 16:14:29,359 - backendbot - INFO - Error inesperado en _handle_process_monitoring para PID 5624: 'coroutine' object has no attribute 'get'
2025-09-11 16:14:29,372 - backendbot - INFO - Error inesperado en _handle_process_monitoring para PID 5632: 'coroutine' object has no attribute 'get'
2025-09-11 16:14:29,383 - backendbot - INFO - Error inesperado en _handle_process_monitoring para PID 5644: 'coroutine' object has no attribute 'get'
2025-09-11 16:14:29,394 - backendbot - INFO - Error inesperado en _handle_process_monitoring para PID 5652: 'coroutine' object has no attribute 'get'
2025-09-11 16:14:29,407 - backendbot - INFO - Error inesperado en _handle_process_monitoring para PID 5660: 'coroutine' object has no attribute 'get'
2025-09-11 16:14:29,419 - backendbot - INFO - Error inesperado en _handle_process_monitoring para PID 5668: 'coroutine' object has no attribute 'get'
2025-09-11 16:14:29,432 - backendbot - INFO - Error inesperado en _handle_process_monitoring para PID 5676: 'coroutine' object has no attribute 'get'
2025-09-11 16:14:29,442 - backendbot - INFO - Error inesperado en _handle_process_monitoring para PID 5684: 'coroutine' object has no attribute 'get'
2025-09-11 16:14:29,453 - backendbot - INFO - Error inesperado en _handle_process_monitoring para PID 5692: 'coroutine' object has no attribute 'get'
2025-09-11 16:14:29,465 - backendbot - INFO - Error inesperado en _handle_process_monitoring para PID 5700: 'coroutine' object has no attribute 'get'
2025-09-11 16:14:29,476 - backendbot - INFO - Error inesperado en _handle_process_monitoring para PID 5704: 'coroutine' object has no attribute 'get'
2025-09-11 16:14:29,486 - backendbot - INFO - Error inesperado en _handle_process_monitoring para PID 5712: 'coroutine' object has no attribute 'get'
2025-09-11 16:14:29,497 - backendbot - INFO - Error inesperado en _handle_process_monitoring para PID 5744: 'coroutine' object has no attribute 'get'
2025-09-11 16:14:29,507 - backendbot - INFO - Error inesperado en _handle_process_monitoring para PID 5764: 'coroutine' object has no attribute 'get'
2025-09-11 16:14:29,518 - backendbot - INFO - Error inesperado en _handle_process_monitoring para PID 5772: 'coroutine' object has no attribute 'get'
2025-09-11 16:14:29,529 - backendbot - INFO - Error inesperado en _handle_process_monitoring para PID 5788: 'coroutine' object has no attribute 'get'
2025-09-11 16:14:29,541 - backendbot - INFO - Error inesperado en _handle_process_monitoring para PID 5804: 'coroutine' object has no attribute 'get'
2025-09-11 16:14:29,552 - backendbot - INFO - Error inesperado en _handle_process_monitoring para PID 5812: 'coroutine' object has no attribute 'get'
2025-09-11 16:14:29,565 - backendbot - INFO - Error inesperado en _handle_process_monitoring para PID 5824: 'coroutine' object has no attribute 'get'
2025-09-11 16:14:29,576 - backendbot - INFO - Error inesperado en _handle_process_monitoring para PID 5852: 'coroutine' object has no attribute 'get'
2025-09-11 16:14:29,576 - backendbot - INFO - Error inesperado en _handle_process_monitoring para PID 6292: 'coroutine' object has no attribute 'get'
2025-09-11 16:14:29,577 - backendbot - INFO - Error inesperado en _handle_process_monitoring para PID 6424: 'coroutine' object has no attribute 'get'
2025-09-11 16:14:29,577 - backendbot - INFO - Error inesperado en _handle_process_monitoring para PID 6552: 'coroutine' object has no attribute 'get'
2025-09-11 16:14:29,577 - backendbot - INFO - Error inesperado en _handle_process_monitoring para PID 6660: 'coroutine' object has no attribute 'get'
2025-09-11 16:14:29,589 - backendbot - INFO - Error inesperado en _handle_process_monitoring para PID 6748: 'coroutine' object has no attribute 'get'
2025-09-11 16:14:29,590 - backendbot - INFO - Error inesperado en _handle_process_monitoring para PID 6756: 'coroutine' object has no attribute 'get'
2025-09-11 16:14:29,602 - backendbot - INFO - Error inesperado en _handle_process_monitoring para PID 6848: 'coroutine' object has no attribute 'get'
2025-09-11 16:14:29,614 - backendbot - INFO - Error inesperado en _handle_process_monitoring para PID 6912: 'coroutine' object has no attribute 'get'
2025-09-11 16:14:29,615 - backendbot - INFO - Error inesperado en _handle_process_monitoring para PID 7016: 'coroutine' object has no attribute 'get'
2025-09-11 16:14:29,631 - backendbot - INFO - Error inesperado en _handle_process_monitoring para PID 7060: 'coroutine' object has no attribute 'get'
2025-09-11 16:14:29,644 - backendbot - INFO - Error inesperado en _handle_process_monitoring para PID 7324: 'coroutine' object has no attribute 'get'
2025-09-11 16:14:29,656 - backendbot - INFO - Error inesperado en _handle_process_monitoring para PID 7364: 'coroutine' object has no attribute 'get'
2025-09-11 16:14:29,656 - backendbot - INFO - Error inesperado en _handle_process_monitoring para PID 7388: 'coroutine' object has no attribute 'get'
2025-09-11 16:14:29,668 - backendbot - INFO - Error inesperado en _handle_process_monitoring para PID 7404: 'coroutine' object has no attribute 'get'
2025-09-11 16:14:29,668 - backendbot - INFO - Error inesperado en _handle_process_monitoring para PID 7468: 'coroutine' object has no attribute 'get'
2025-09-11 16:14:29,669 - backendbot - INFO - Error inesperado en _handle_process_monitoring para PID 7540: 'coroutine' object has no attribute 'get'
2025-09-11 16:14:29,669 - backendbot - INFO - Error inesperado en _handle_process_monitoring para PID 7564: 'coroutine' object has no attribute 'get'
2025-09-11 16:14:29,698 - backendbot - INFO - Error inesperado en _handle_process_monitoring para PID 7600: 'coroutine' object has no attribute 'get'
2025-09-11 16:14:29,702 - backendbot - INFO - Error inesperado en _handle_process_monitoring para PID 7652: 'coroutine' object has no attribute 'get'
2025-09-11 16:14:29,717 - backendbot - INFO - Error inesperado en _handle_process_monitoring para PID 7668: 'coroutine' object has no attribute 'get'
2025-09-11 16:14:29,745 - backendbot - INFO - Error inesperado en _handle_process_monitoring para PID 7712: 'coroutine' object has no attribute 'get'
2025-09-11 16:14:29,763 - backendbot - INFO - Error inesperado en _handle_process_monitoring para PID 7792: 'coroutine' object has no attribute 'get'
2025-09-11 16:14:29,778 - backendbot - INFO - Error inesperado en _handle_process_monitoring para PID 8008: 'coroutine' object has no attribute 'get'
2025-09-11 16:14:29,799 - backendbot - INFO - Error inesperado en _handle_process_monitoring para PID 8268: 'coroutine' object has no attribute 'get'
2025-09-11 16:14:29,810 - backendbot - INFO - Error inesperado en _handle_process_monitoring para PID 8616: 'coroutine' object has no attribute 'get'
2025-09-11 16:14:29,810 - backendbot - INFO - Error inesperado en _handle_process_monitoring para PID 8652: 'coroutine' object has no attribute 'get'
2025-09-11 16:14:29,811 - backendbot - INFO - Error inesperado en _handle_process_monitoring para PID 8700: 'coroutine' object has no attribute 'get'
2025-09-11 16:14:29,839 - backendbot - INFO - Error inesperado en _handle_process_monitoring para PID 8716: 'coroutine' object has no attribute 'get'
2025-09-11 16:14:29,849 - backendbot - INFO - Error inesperado en _handle_process_monitoring para PID 8724: 'coroutine' object has no attribute 'get'
2025-09-11 16:14:29,860 - backendbot - INFO - Error inesperado en _handle_process_monitoring para PID 9180: 'coroutine' object has no attribute 'get'
2025-09-11 16:14:29,861 - backendbot - INFO - Error inesperado en _handle_process_monitoring para PID 9200: 'coroutine' object has no attribute 'get'
2025-09-11 16:14:29,871 - backendbot - INFO - Error inesperado en _handle_process_monitoring para PID 9280: 'coroutine' object has no attribute 'get'
2025-09-11 16:14:29,872 - backendbot - INFO - Error inesperado en _handle_process_monitoring para PID 9444: 'coroutine' object has no attribute 'get'
2025-09-11 16:14:29,883 - backendbot - INFO - Error inesperado en _handle_process_monitoring para PID 9496: 'coroutine' object has no attribute 'get'
2025-09-11 16:14:29,924 - backendbot - INFO - Error inesperado en _handle_process_monitoring para PID 9584: 'coroutine' object has no attribute 'get'
2025-09-11 16:14:29,924 - backendbot - INFO - Error inesperado en _handle_process_monitoring para PID 9592: 'coroutine' object has no attribute 'get'
2025-09-11 16:14:29,934 - backendbot - INFO - Error inesperado en _handle_process_monitoring para PID 9600: 'coroutine' object has no attribute 'get'
2025-09-11 16:14:29,935 - backendbot - INFO - Error inesperado en _handle_process_monitoring para PID 9616: 'coroutine' object has no attribute 'get'
2025-09-11 16:14:29,936 - backendbot - INFO - Error inesperado en _handle_process_monitoring para PID 9668: 'coroutine' object has no attribute 'get'
2025-09-11 16:14:29,936 - backendbot - INFO - Error inesperado en _handle_process_monitoring para PID 9732: 'coroutine' object has no attribute 'get'
2025-09-11 16:14:29,946 - backendbot - INFO - Error inesperado en _handle_process_monitoring para PID 9776: 'coroutine' object has no attribute 'get'
2025-09-11 16:14:29,958 - backendbot - INFO - Error inesperado en _handle_process_monitoring para PID 9884: 'coroutine' object has no attribute 'get'
2025-09-11 16:14:29,970 - backendbot - INFO - Error inesperado en _handle_process_monitoring para PID 10088: 'coroutine' object has no attribute 'get'
2025-09-11 16:14:29,970 - backendbot - INFO - Error inesperado en _handle_process_monitoring para PID 10128: 'coroutine' object has no attribute 'get'
2025-09-11 16:14:29,970 - backendbot - INFO - Error inesperado en _handle_process_monitoring para PID 10212: 'coroutine' object has no attribute 'get'
2025-09-11 16:14:29,971 - backendbot - INFO - Error inesperado en _handle_process_monitoring para PID 10268: 'coroutine' object has no attribute 'get'
2025-09-11 16:14:29,971 - backendbot - INFO - Error inesperado en _handle_process_monitoring para PID 10284: 'coroutine' object has no attribute 'get'
2025-09-11 16:14:29,971 - backendbot - INFO - Error inesperado en _handle_process_monitoring para PID 10296: 'coroutine' object has no attribute 'get'
2025-09-11 16:14:29,971 - backendbot - INFO - Error inesperado en _handle_process_monitoring para PID 10336: 'coroutine' object has no attribute 'get'
2025-09-11 16:14:29,972 - backendbot - INFO - Error inesperado en _handle_process_monitoring para PID 10480: 'coroutine' object has no attribute 'get'
2025-09-11 16:14:29,972 - backendbot - INFO - Error inesperado en _handle_process_monitoring para PID 10488: 'coroutine' object has no attribute 'get'
2025-09-11 16:14:29,973 - backendbot - INFO - Error inesperado en _handle_process_monitoring para PID 10560: 'coroutine' object has no attribute 'get'
2025-09-11 16:14:29,973 - backendbot - INFO - Error inesperado en _handle_process_monitoring para PID 10628: 'coroutine' object has no attribute 'get'
2025-09-11 16:14:29,973 - backendbot - INFO - Error inesperado en _handle_process_monitoring para PID 10652: 'coroutine' object has no attribute 'get'
2025-09-11 16:14:29,974 - backendbot - INFO - Error inesperado en _handle_process_monitoring para PID 10724: 'coroutine' object has no attribute 'get'
2025-09-11 16:14:29,974 - backendbot - INFO - Error inesperado en _handle_process_monitoring para PID 10736: 'coroutine' object has no attribute 'get'
2025-09-11 16:14:29,987 - backendbot - INFO - Error inesperado en _handle_process_monitoring para PID 10804: 'coroutine' object has no attribute 'get'
2025-09-11 16:14:29,987 - backendbot - INFO - Error inesperado en _handle_process_monitoring para PID 10812: 'coroutine' object has no attribute 'get'
2025-09-11 16:14:29,987 - backendbot - INFO - Error inesperado en _handle_process_monitoring para PID 10840: 'coroutine' object has no attribute 'get'
2025-09-11 16:14:29,988 - backendbot - INFO - Error inesperado en _handle_process_monitoring para PID 11112: 'coroutine' object has no attribute 'get'
2025-09-11 16:14:29,988 - backendbot - INFO - Error inesperado en _handle_process_monitoring para PID 11248: 'coroutine' object has no attribute 'get'
2025-09-11 16:14:29,988 - backendbot - INFO - Error inesperado en _handle_process_monitoring para PID 11356: 'coroutine' object has no attribute 'get'
2025-09-11 16:14:29,989 - backendbot - INFO - Error inesperado en _handle_process_monitoring para PID 11396: 'coroutine' object has no attribute 'get'
2025-09-11 16:14:30,001 - backendbot - INFO - Error inesperado en _handle_process_monitoring para PID 11500: 'coroutine' object has no attribute 'get'
2025-09-11 16:14:30,002 - backendbot - INFO - Error inesperado en _handle_process_monitoring para PID 11680: 'coroutine' object has no attribute 'get'
2025-09-11 16:14:30,002 - backendbot - INFO - Error inesperado en _handle_process_monitoring para PID 11828: 'coroutine' object has no attribute 'get'
2025-09-11 16:14:30,002 - backendbot - INFO - Error inesperado en _handle_process_monitoring para PID 11876: 'coroutine' object has no attribute 'get'
2025-09-11 16:14:30,013 - backendbot - INFO - Error inesperado en _handle_process_monitoring para PID 12268: 'coroutine' object has no attribute 'get'
2025-09-11 16:14:30,015 - backendbot - INFO - Error inesperado en _handle_process_monitoring para PID 12320: 'coroutine' object has no attribute 'get'
2025-09-11 16:14:30,015 - backendbot - INFO - Error inesperado en _handle_process_monitoring para PID 12372: 'coroutine' object has no attribute 'get'
2025-09-11 16:14:30,016 - backendbot - INFO - Error inesperado en _handle_process_monitoring para PID 12552: 'coroutine' object has no attribute 'get'
2025-09-11 16:14:30,016 - backendbot - INFO - Error inesperado en _handle_process_monitoring para PID 12664: 'coroutine' object has no attribute 'get'
2025-09-11 16:14:30,017 - backendbot - INFO - Error inesperado en _handle_process_monitoring para PID 12704: 'coroutine' object has no attribute 'get'
2025-09-11 16:14:30,017 - backendbot - INFO - Error inesperado en _handle_process_monitoring para PID 12896: 'coroutine' object has no attribute 'get'
2025-09-11 16:14:30,017 - backendbot - INFO - Error inesperado en _handle_process_monitoring para PID 13080: 'coroutine' object has no attribute 'get'
2025-09-11 16:14:30,018 - backendbot - INFO - Error inesperado en _handle_process_monitoring para PID 13096: 'coroutine' object has no attribute 'get'
2025-09-11 16:14:30,018 - backendbot - INFO - Error inesperado en _handle_process_monitoring para PID 13204: 'coroutine' object has no attribute 'get'
2025-09-11 16:14:30,018 - backendbot - INFO - Error inesperado en _handle_process_monitoring para PID 13412: 'coroutine' object has no attribute 'get'
2025-09-11 16:14:30,018 - backendbot - INFO - Error inesperado en _handle_process_monitoring para PID 13496: 'coroutine' object has no attribute 'get'
2025-09-11 16:14:30,018 - backendbot - INFO - Error inesperado en _handle_process_monitoring para PID 13948: 'coroutine' object has no attribute 'get'
2025-09-11 16:14:30,029 - backendbot - INFO - Error inesperado en _handle_process_monitoring para PID 14028: 'coroutine' object has no attribute 'get'
2025-09-11 16:14:30,030 - backendbot - INFO - Error inesperado en _handle_process_monitoring para PID 14104: 'coroutine' object has no attribute 'get'
2025-09-11 16:14:30,030 - backendbot - INFO - Error inesperado en _handle_process_monitoring para PID 14132: 'coroutine' object has no attribute 'get'
2025-09-11 16:14:30,041 - backendbot - INFO - Error inesperado en _handle_process_monitoring para PID 14176: 'coroutine' object has no attribute 'get'
2025-09-11 16:14:30,042 - backendbot - INFO - Error inesperado en _handle_process_monitoring para PID 14244: 'coroutine' object has no attribute 'get'
2025-09-11 16:14:30,042 - backendbot - INFO - Error inesperado en _handle_process_monitoring para PID 14384: 'coroutine' object has no attribute 'get'
2025-09-11 16:14:30,042 - backendbot - INFO - Error inesperado en _handle_process_monitoring para PID 14428: 'coroutine' object has no attribute 'get'
2025-09-11 16:14:30,053 - backendbot - INFO - Error inesperado en _handle_process_monitoring para PID 14488: 'coroutine' object has no attribute 'get'
2025-09-11 16:14:30,053 - backendbot - INFO - Error inesperado en _handle_process_monitoring para PID 14500: 'coroutine' object has no attribute 'get'
2025-09-11 16:14:30,053 - backendbot - INFO - Error inesperado en _handle_process_monitoring para PID 14516: 'coroutine' object has no attribute 'get'
2025-09-11 16:14:30,054 - backendbot - INFO - Error inesperado en _handle_process_monitoring para PID 14544: 'coroutine' object has no attribute 'get'
2025-09-11 16:14:30,055 - backendbot - INFO - Error inesperado en _handle_process_monitoring para PID 14892: 'coroutine' object has no attribute 'get'
2025-09-11 16:14:30,055 - backendbot - INFO - Error inesperado en _handle_process_monitoring para PID 15024: 'coroutine' object has no attribute 'get'
2025-09-11 16:14:30,067 - backendbot - INFO - Error inesperado en _handle_process_monitoring para PID 15132: 'coroutine' object has no attribute 'get'
2025-09-11 16:14:30,068 - backendbot - INFO - Error inesperado en _handle_process_monitoring para PID 15140: 'coroutine' object has no attribute 'get'
2025-09-11 16:14:30,068 - backendbot - INFO - Error inesperado en _handle_process_monitoring para PID 15180: 'coroutine' object has no attribute 'get'
2025-09-11 16:14:30,068 - backendbot - INFO - Error inesperado en _handle_process_monitoring para PID 15188: 'coroutine' object has no attribute 'get'
2025-09-11 16:14:30,068 - backendbot - INFO - Error inesperado en _handle_process_monitoring para PID 15208: 'coroutine' object has no attribute 'get'
2025-09-11 16:14:30,069 - backendbot - INFO - Error inesperado en _handle_process_monitoring para PID 15432: 'coroutine' object has no attribute 'get'
2025-09-11 16:14:30,069 - backendbot - INFO - Error inesperado en _handle_process_monitoring para PID 15452: 'coroutine' object has no attribute 'get'
2025-09-11 16:14:30,069 - backendbot - INFO - Error inesperado en _handle_process_monitoring para PID 15464: 'coroutine' object has no attribute 'get'
2025-09-11 16:14:30,069 - backendbot - INFO - Error inesperado en _handle_process_monitoring para PID 15480: 'coroutine' object has no attribute 'get'
2025-09-11 16:14:30,107 - backendbot - INFO - Error inesperado en _handle_process_monitoring para PID 15548: 'coroutine' object has no attribute 'get'
2025-09-11 16:14:30,108 - backendbot - INFO - Error inesperado en _handle_process_monitoring para PID 15608: 'coroutine' object has no attribute 'get'
2025-09-11 16:14:30,108 - backendbot - INFO - Error inesperado en _handle_process_monitoring para PID 15836: 'coroutine' object has no attribute 'get'
2025-09-11 16:14:30,108 - backendbot - INFO - Error inesperado en _handle_process_monitoring para PID 15868: 'coroutine' object has no attribute 'get'
2025-09-11 16:14:30,119 - backendbot - INFO - Error inesperado en _handle_process_monitoring para PID 15996: 'coroutine' object has no attribute 'get'
2025-09-11 16:14:30,120 - backendbot - INFO - Error inesperado en _handle_process_monitoring para PID 16200: 'coroutine' object has no attribute 'get'
2025-09-11 16:14:30,120 - backendbot - INFO - Error inesperado en _handle_process_monitoring para PID 16308: 'coroutine' object has no attribute 'get'
2025-09-11 16:14:30,120 - backendbot - INFO - Error inesperado en _handle_process_monitoring para PID 16428: 'coroutine' object has no attribute 'get'
2025-09-11 16:14:30,120 - backendbot - INFO - Error inesperado en _handle_process_monitoring para PID 16512: 'coroutine' object has no attribute 'get'
2025-09-11 16:14:30,120 - backendbot - INFO - Error inesperado en _handle_process_monitoring para PID 16664: 'coroutine' object has no attribute 'get'
2025-09-11 16:14:30,121 - backendbot - INFO - Error inesperado en _handle_process_monitoring para PID 16684: 'coroutine' object has no attribute 'get'
2025-09-11 16:14:30,132 - backendbot - INFO - Error inesperado en _handle_process_monitoring para PID 16712: 'coroutine' object has no attribute 'get'
2025-09-11 16:14:30,143 - backendbot - INFO - Error inesperado en _handle_process_monitoring para PID 17132: 'coroutine' object has no attribute 'get'
2025-09-11 16:14:30,143 - backendbot - INFO - Error inesperado en _handle_process_monitoring para PID 17500: 'coroutine' object has no attribute 'get'
2025-09-11 16:14:30,144 - backendbot - INFO - Error inesperado en _handle_process_monitoring para PID 17788: 'coroutine' object has no attribute 'get'
2025-09-11 16:14:30,144 - backendbot - INFO - Error inesperado en _handle_process_monitoring para PID 18104: 'coroutine' object has no attribute 'get'
2025-09-11 16:14:30,144 - backendbot - INFO - Error inesperado en _handle_process_monitoring para PID 18112: 'coroutine' object has no attribute 'get'
2025-09-11 16:14:30,157 - backendbot - INFO - Error inesperado en _handle_process_monitoring para PID 18308: 'coroutine' object has no attribute 'get'
2025-09-11 16:14:30,157 - backendbot - INFO - Error inesperado en _handle_process_monitoring para PID 18420: 'coroutine' object has no attribute 'get'
2025-09-11 16:14:30,170 - backendbot - INFO - Error inesperado en _handle_process_monitoring para PID 18524: 'coroutine' object has no attribute 'get'
2025-09-11 16:14:30,170 - backendbot - INFO - Error inesperado en _handle_process_monitoring para PID 18564: 'coroutine' object has no attribute 'get'
2025-09-11 16:14:30,170 - backendbot - INFO - Error inesperado en _handle_process_monitoring para PID 18736: 'coroutine' object has no attribute 'get'
2025-09-11 16:14:30,182 - backendbot - INFO - Error inesperado en _handle_process_monitoring para PID 18764: 'coroutine' object has no attribute 'get'
2025-09-11 16:14:30,194 - backendbot - INFO - Error inesperado en _handle_process_monitoring para PID 19072: 'coroutine' object has no attribute 'get'
2025-09-11 16:14:30,194 - backendbot - INFO - Error inesperado en _handle_process_monitoring para PID 19108: 'coroutine' object has no attribute 'get'
2025-09-11 16:14:30,194 - backendbot - INFO - Error inesperado en _handle_process_monitoring para PID 19188: 'coroutine' object has no attribute 'get'
2025-09-11 16:14:30,195 - backendbot - INFO - Error inesperado en _handle_process_monitoring para PID 19380: 'coroutine' object has no attribute 'get'
2025-09-11 16:14:30,195 - backendbot - INFO - Error inesperado en _handle_process_monitoring para PID 19388: 'coroutine' object has no attribute 'get'
2025-09-11 16:14:30,196 - backendbot - INFO - Error inesperado en _handle_process_monitoring para PID 19416: 'coroutine' object has no attribute 'get'
2025-09-11 16:14:30,196 - backendbot - INFO - Error inesperado en _handle_process_monitoring para PID 19720: 'coroutine' object has no attribute 'get'
2025-09-11 16:14:30,196 - backendbot - INFO - Error inesperado en _handle_process_monitoring para PID 19984: 'coroutine' object has no attribute 'get'
2025-09-11 16:14:30,196 - backendbot - INFO - Error inesperado en _handle_process_monitoring para PID 20088: 'coroutine' object has no attribute 'get'
2025-09-11 16:14:30,208 - backendbot - INFO - Error inesperado en _handle_process_monitoring para PID 20232: 'coroutine' object has no attribute 'get'
2025-09-11 16:14:30,219 - backendbot - INFO - Error inesperado en _handle_process_monitoring para PID 20276: 'coroutine' object has no attribute 'get'
2025-09-11 16:14:30,231 - backendbot - INFO - Error inesperado en _handle_process_monitoring para PID 20316: 'coroutine' object has no attribute 'get'
2025-09-11 16:14:30,232 - backendbot - INFO - Error inesperado en _handle_process_monitoring para PID 20332: 'coroutine' object has no attribute 'get'
2025-09-11 16:14:30,232 - backendbot - INFO - Error inesperado en _handle_process_monitoring para PID 20372: 'coroutine' object has no attribute 'get'
2025-09-11 16:14:30,243 - backendbot - INFO - Error inesperado en _handle_process_monitoring para PID 20652: 'coroutine' object has no attribute 'get'
2025-09-11 16:14:30,243 - backendbot - INFO - Error inesperado en _handle_process_monitoring para PID 20672: 'coroutine' object has no attribute 'get'
2025-09-11 16:14:30,244 - backendbot - INFO - Error inesperado en _handle_process_monitoring para PID 20688: 'coroutine' object has no attribute 'get'
2025-09-11 16:14:30,254 - backendbot - INFO - Error inesperado en _handle_process_monitoring para PID 20760: 'coroutine' object has no attribute 'get'
2025-09-11 16:14:30,255 - backendbot - INFO - Error inesperado en _handle_process_monitoring para PID 20948: 'coroutine' object has no attribute 'get'
2025-09-11 16:14:30,256 - backendbot - INFO - Error inesperado en _handle_process_monitoring para PID 20972: 'coroutine' object has no attribute 'get'
2025-09-11 16:14:30,256 - backendbot - INFO - Error inesperado en _handle_process_monitoring para PID 20996: 'coroutine' object has no attribute 'get'
2025-09-11 16:14:30,256 - backendbot - INFO - Error inesperado en _handle_process_monitoring para PID 21140: 'coroutine' object has no attribute 'get'
2025-09-11 16:14:30,257 - backendbot - INFO - Error inesperado en _handle_process_monitoring para PID 21264: 'coroutine' object has no attribute 'get'
2025-09-11 16:14:30,267 - backendbot - INFO - Error inesperado en _handle_process_monitoring para PID 21276: 'coroutine' object has no attribute 'get'
2025-09-11 16:14:30,267 - backendbot - INFO - Error inesperado en _handle_process_monitoring para PID 21520: 'coroutine' object has no attribute 'get'
2025-09-11 16:14:30,268 - backendbot - INFO - Error inesperado en _handle_process_monitoring para PID 21772: 'coroutine' object has no attribute 'get'
2025-09-11 16:14:30,268 - backendbot - INFO - Error inesperado en _handle_process_monitoring para PID 21852: 'coroutine' object has no attribute 'get'
2025-09-11 16:14:30,268 - backendbot - INFO - Error inesperado en _handle_process_monitoring para PID 21948: 'coroutine' object has no attribute 'get'
2025-09-11 16:14:30,268 - backendbot - INFO - Error inesperado en _handle_process_monitoring para PID 21992: 'coroutine' object has no attribute 'get'
2025-09-11 16:14:30,280 - backendbot - INFO - Error inesperado en _handle_process_monitoring para PID 22072: 'coroutine' object has no attribute 'get'
2025-09-11 16:14:30,280 - backendbot - INFO - Error inesperado en _handle_process_monitoring para PID 22256: 'coroutine' object has no attribute 'get'
2025-09-11 16:14:30,281 - backendbot - INFO - Error inesperado en _handle_process_monitoring para PID 22580: 'coroutine' object has no attribute 'get'
2025-09-11 16:14:30,282 - backendbot - INFO - Error inesperado en _handle_process_monitoring para PID 22600: 'coroutine' object has no attribute 'get'
2025-09-11 16:14:30,283 - backendbot - INFO - Error inesperado en _handle_process_monitoring para PID 22740: 'coroutine' object has no attribute 'get'
2025-09-11 16:14:30,319 - backendbot - INFO - Error inesperado en _handle_process_monitoring para PID 22980: 'coroutine' object has no attribute 'get'
2025-09-11 16:14:30,320 - backendbot - INFO - Error inesperado en _handle_process_monitoring para PID 22984: 'coroutine' object has no attribute 'get'
2025-09-11 16:14:30,320 - backendbot - INFO - Error inesperado en _handle_process_monitoring para PID 23448: 'coroutine' object has no attribute 'get'
2025-09-11 16:14:30,320 - backendbot - INFO - Error inesperado en _handle_process_monitoring para PID 23560: 'coroutine' object has no attribute 'get'
2025-09-11 16:14:30,321 - backendbot - INFO - Error inesperado en _handle_process_monitoring para PID 23616: 'coroutine' object has no attribute 'get'
2025-09-11 16:14:30,321 - backendbot - INFO - Error inesperado en _handle_process_monitoring para PID 23728: 'coroutine' object has no attribute 'get'
2025-09-11 16:14:30,321 - backendbot - INFO - Error inesperado en _handle_process_monitoring para PID 23776: 'coroutine' object has no attribute 'get'
2025-09-11 16:14:30,321 - backendbot - INFO - Error inesperado en _handle_process_monitoring para PID 23796: 'coroutine' object has no attribute 'get'
2025-09-11 16:14:30,322 - backendbot - INFO - Error inesperado en _handle_process_monitoring para PID 23908: 'coroutine' object has no attribute 'get'
2025-09-11 16:14:30,334 - backendbot - INFO - Error inesperado en _handle_process_monitoring para PID 23916: 'coroutine' object has no attribute 'get'
2025-09-11 16:14:30,335 - backendbot - INFO - Error inesperado en _handle_process_monitoring para PID 23956: 'coroutine' object has no attribute 'get'
2025-09-11 16:14:30,335 - backendbot - INFO - Error inesperado en _handle_process_monitoring para PID 23964: 'coroutine' object has no attribute 'get'
2025-09-11 16:14:30,335 - backendbot - INFO - Error inesperado en _handle_process_monitoring para PID 24080: 'coroutine' object has no attribute 'get'
2025-09-11 16:14:30,336 - backendbot - INFO - Error inesperado en _handle_process_monitoring para PID 24280: 'coroutine' object has no attribute 'get'
2025-09-11 16:14:30,336 - backendbot - INFO - Error inesperado en _handle_process_monitoring para PID 24364: 'coroutine' object has no attribute 'get'
2025-09-11 16:14:30,336 - backendbot - INFO - Error inesperado en _handle_process_monitoring para PID 24472: 'coroutine' object has no attribute 'get'
2025-09-11 16:14:30,336 - backendbot - INFO - Error inesperado en _handle_process_monitoring para PID 24652: 'coroutine' object has no attribute 'get'
2025-09-11 16:14:30,337 - backendbot - INFO - Error inesperado en _handle_process_monitoring para PID 24688: 'coroutine' object has no attribute 'get'
2025-09-11 16:14:30,337 - backendbot - INFO - Error inesperado en _handle_process_monitoring para PID 24696: 'coroutine' object has no attribute 'get'
2025-09-11 16:14:30,337 - backendbot - INFO - Error inesperado en _handle_process_monitoring para PID 24704: 'coroutine' object has no attribute 'get'
2025-09-11 16:14:30,338 - backendbot - INFO - Error inesperado en _handle_process_monitoring para PID 24804: 'coroutine' object has no attribute 'get'
2025-09-11 16:14:30,350 - backendbot - INFO - Error inesperado en _handle_process_monitoring para PID 25164: 'coroutine' object has no attribute 'get'
2025-09-11 16:14:30,350 - backendbot - INFO - Error inesperado en _handle_process_monitoring para PID 25172: 'coroutine' object has no attribute 'get'
2025-09-11 16:14:30,351 - backendbot - INFO - Error inesperado en _handle_process_monitoring para PID 25436: 'coroutine' object has no attribute 'get'
2025-09-11 16:14:30,363 - backendbot - INFO - Error inesperado en _handle_process_monitoring para PID 25488: 'coroutine' object has no attribute 'get'
2025-09-11 16:14:30,363 - backendbot - INFO - Error inesperado en _handle_process_monitoring para PID 25616: 'coroutine' object has no attribute 'get'
2025-09-11 16:14:30,363 - backendbot - INFO - Error inesperado en _handle_process_monitoring para PID 25736: 'coroutine' object has no attribute 'get'
2025-09-11 16:14:30,363 - backendbot - INFO - Error inesperado en _handle_process_monitoring para PID 25992: 'coroutine' object has no attribute 'get'
2025-09-11 16:14:30,376 - backendbot - INFO - Error inesperado en _handle_process_monitoring para PID 26396: 'coroutine' object has no attribute 'get'
2025-09-11 16:14:30,387 - backendbot - INFO - Error inesperado en _handle_process_monitoring para PID 26468: 'coroutine' object has no attribute 'get'
2025-09-11 16:14:30,397 - backendbot - INFO - Error inesperado en _handle_process_monitoring para PID 26500: 'coroutine' object has no attribute 'get'
2025-09-11 16:14:30,409 - backendbot - INFO - Error inesperado en _handle_process_monitoring para PID 26528: 'coroutine' object has no attribute 'get'
2025-09-11 16:14:30,420 - backendbot - INFO - Error inesperado en _handle_process_monitoring para PID 26556: 'coroutine' object has no attribute 'get'
2025-09-11 16:14:30,421 - backendbot - INFO - Error inesperado en _handle_process_monitoring para PID 26676: 'coroutine' object has no attribute 'get'
2025-09-11 16:14:30,431 - backendbot - INFO - Error inesperado en _handle_process_monitoring para PID 26680: 'coroutine' object has no attribute 'get'
2025-09-11 16:14:30,443 - backendbot - INFO - Error inesperado en _handle_process_monitoring para PID 26868: 'coroutine' object has no attribute 'get'
2025-09-11 16:14:30,453 - backendbot - INFO - Error inesperado en _handle_process_monitoring para PID 26956: 'coroutine' object has no attribute 'get'
2025-09-11 16:14:30,453 - backendbot - INFO - Error inesperado en _handle_process_monitoring para PID 27348: 'coroutine' object has no attribute 'get'
2025-09-11 16:14:30,453 - backendbot - INFO - Error inesperado en _handle_process_monitoring para PID 27576: 'coroutine' object has no attribute 'get'
2025-09-11 16:14:30,454 - backendbot - INFO - Error inesperado en _handle_process_monitoring para PID 27904: 'coroutine' object has no attribute 'get'
2025-09-11 16:14:30,465 - backendbot - INFO - Error inesperado en _handle_process_monitoring para PID 28452: 'coroutine' object has no attribute 'get'
2025-09-11 16:14:30,465 - backendbot - INFO - Error inesperado en _handle_process_monitoring para PID 28684: 'coroutine' object has no attribute 'get'
2025-09-11 16:14:30,465 - backendbot - INFO - Error inesperado en _handle_process_monitoring para PID 28836: 'coroutine' object has no attribute 'get'
2025-09-11 16:14:30,465 - backendbot - INFO - Error inesperado en _handle_process_monitoring para PID 29120: 'coroutine' object has no attribute 'get'
2025-09-11 16:14:30,467 - backendbot - INFO - Error inesperado en _handle_process_monitoring para PID 29228: 'coroutine' object has no attribute 'get'
2025-09-11 16:14:30,467 - backendbot - INFO - Error inesperado en _handle_process_monitoring para PID 29476: 'coroutine' object has no attribute 'get'
2025-09-11 16:14:30,467 - backendbot - INFO - Error inesperado en _handle_process_monitoring para PID 29916: 'coroutine' object has no attribute 'get'
2025-09-11 16:14:30,467 - backendbot - INFO - Error inesperado en _handle_process_monitoring para PID 29920: 'coroutine' object has no attribute 'get'
2025-09-11 16:14:30,467 - backendbot - INFO - Error inesperado en _handle_process_monitoring para PID 30124: 'coroutine' object has no attribute 'get'
2025-09-11 16:14:30,468 - backendbot - INFO - Error inesperado en _handle_process_monitoring para PID 30444: 'coroutine' object has no attribute 'get'
2025-09-11 16:14:30,468 - backendbot - INFO - Error inesperado en _handle_process_monitoring para PID 30748: 'coroutine' object has no attribute 'get'
2025-09-11 16:14:30,468 - backendbot - INFO - Error inesperado en _handle_process_monitoring para PID 31032: 'coroutine' object has no attribute 'get'
2025-09-11 16:14:30,468 - backendbot - INFO - Error inesperado en _handle_process_monitoring para PID 31256: 'coroutine' object has no attribute 'get'
2025-09-11 16:14:30,469 - backendbot - INFO - Error inesperado en _handle_process_monitoring para PID 31364: 'coroutine' object has no attribute 'get'
2025-09-11 16:14:30,469 - backendbot - INFO - Error inesperado en _handle_process_monitoring para PID 31436: 'coroutine' object has no attribute 'get'
2025-09-11 16:14:30,480 - backendbot - INFO - Error inesperado en _handle_process_monitoring para PID 31444: 'coroutine' object has no attribute 'get'
2025-09-11 16:14:30,481 - backendbot - INFO - Error inesperado en _handle_process_monitoring para PID 31476: 'coroutine' object has no attribute 'get'
2025-09-11 16:14:30,481 - backendbot - INFO - Error inesperado en _handle_process_monitoring para PID 31992: 'coroutine' object has no attribute 'get'
2025-09-11 16:14:30,481 - backendbot - INFO - Error inesperado en _handle_process_monitoring para PID 32268: 'coroutine' object has no attribute 'get'
2025-09-11 16:14:30,482 - backendbot - INFO - Error inesperado en _handle_process_monitoring para PID 32400: 'coroutine' object has no attribute 'get'
2025-09-11 16:14:30,517 - backendbot - INFO - Error inesperado en _handle_process_monitoring para PID 32596: 'coroutine' object has no attribute 'get'
2025-09-11 16:14:30,518 - backendbot - INFO - Error inesperado en _handle_process_monitoring para PID 32784: 'coroutine' object has no attribute 'get'
2025-09-11 16:14:30,518 - backendbot - INFO - Error inesperado en _handle_process_monitoring para PID 33032: 'coroutine' object has no attribute 'get'
2025-09-11 16:14:30,518 - backendbot - INFO - Error inesperado en _handle_process_monitoring para PID 33068: 'coroutine' object has no attribute 'get'
2025-09-11 16:14:30,518 - backendbot - INFO - Error inesperado en _handle_process_monitoring para PID 33228: 'coroutine' object has no attribute 'get'
2025-09-11 16:14:30,519 - backendbot - INFO - Error inesperado en _handle_process_monitoring para PID 33296: 'coroutine' object has no attribute 'get'
2025-09-11 16:14:30,519 - backendbot - INFO - Error inesperado en _handle_process_monitoring para PID 33308: 'coroutine' object has no attribute 'get'
2025-09-11 16:14:30,519 - backendbot - INFO - Error inesperado en _handle_process_monitoring para PID 34064: 'coroutine' object has no attribute 'get'
2025-09-11 16:14:30,519 - backendbot - INFO - Error inesperado en _handle_process_monitoring para PID 34764: 'coroutine' object has no attribute 'get'
2025-09-11 16:14:30,519 - backendbot - INFO - Error inesperado en _handle_process_monitoring para PID 34844: 'coroutine' object has no attribute 'get'
2025-09-11 16:14:30,519 - backendbot - INFO - Error inesperado en _handle_process_monitoring para PID 34948: 'coroutine' object has no attribute 'get'
2025-09-11 16:14:30,519 - backendbot - INFO - Error inesperado en _handle_process_monitoring para PID 34996: 'coroutine' object has no attribute 'get'
2025-09-11 16:14:30,532 - backendbot - INFO - Error inesperado en _handle_process_monitoring para PID 35120: 'coroutine' object has no attribute 'get'
2025-09-11 16:14:30,532 - backendbot - INFO - Error inesperado en _handle_process_monitoring para PID 35132: 'coroutine' object has no attribute 'get'
2025-09-11 16:14:30,533 - backendbot - INFO - Error inesperado en _handle_process_monitoring para PID 35184: 'coroutine' object has no attribute 'get'
2025-09-11 16:14:30,533 - backendbot - INFO - Error inesperado en _handle_process_monitoring para PID 35276: 'coroutine' object has no attribute 'get'
2025-09-11 16:14:30,533 - backendbot - INFO - Error inesperado en _handle_process_monitoring para PID 35348: 'coroutine' object has no attribute 'get'
2025-09-11 16:14:30,534 - backendbot - INFO - Error inesperado en _handle_process_monitoring para PID 35876: 'coroutine' object has no attribute 'get'
2025-09-11 16:14:30,534 - backendbot - INFO - Error inesperado en _handle_process_monitoring para PID 35916: 'coroutine' object has no attribute 'get'
2025-09-11 16:14:30,534 - backendbot - INFO - Error inesperado en _handle_process_monitoring para PID 36056: 'coroutine' object has no attribute 'get'
2025-09-11 16:14:30,545 - backendbot - INFO - Error inesperado en _handle_process_monitoring para PID 36240: 'coroutine' object has no attribute 'get'
2025-09-11 16:14:30,545 - backendbot - INFO - Error inesperado en _handle_process_monitoring para PID 36624: 'coroutine' object has no attribute 'get'
2025-09-11 16:14:30,545 - backendbot - INFO - Error inesperado en _handle_process_monitoring para PID 36712: 'coroutine' object has no attribute 'get'
2025-09-11 16:14:30,546 - backendbot - INFO - Error inesperado en _handle_process_monitoring para PID 36820: 'coroutine' object has no attribute 'get'
2025-09-11 16:14:30,546 - backendbot - INFO - Error inesperado en _handle_process_monitoring para PID 36996: 'coroutine' object has no attribute 'get'
2025-09-11 16:14:30,546 - backendbot - INFO - Error inesperado en _handle_process_monitoring para PID 37384: 'coroutine' object has no attribute 'get'
2025-09-11 16:14:30,546 - backendbot - INFO - Error inesperado en _handle_process_monitoring para PID 37844: 'coroutine' object has no attribute 'get'
2025-09-11 16:14:30,547 - backendbot - INFO - Error inesperado en _handle_process_monitoring para PID 38172: 'coroutine' object has no attribute 'get'
2025-09-11 16:14:30,558 - backendbot - INFO - Error inesperado en _handle_process_monitoring para PID 38564: 'coroutine' object has no attribute 'get'
2025-09-11 16:14:30,558 - backendbot - INFO - Error inesperado en _handle_process_monitoring para PID 38580: 'coroutine' object has no attribute 'get'
2025-09-11 16:14:30,558 - backendbot - INFO - Error inesperado en _handle_process_monitoring para PID 38688: 'coroutine' object has no attribute 'get'
2025-09-11 16:14:30,560 - backendbot - INFO - Error inesperado en _handle_process_monitoring para PID 38708: 'coroutine' object has no attribute 'get'
2025-09-11 16:14:30,577 - backendbot - INFO - Error inesperado en _handle_process_monitoring para PID 38848: 'coroutine' object has no attribute 'get'
2025-09-11 16:14:30,578 - backendbot - INFO - Error inesperado en _handle_process_monitoring para PID 38932: 'coroutine' object has no attribute 'get'
2025-09-11 16:14:30,578 - backendbot - INFO - Error inesperado en _handle_process_monitoring para PID 40484: 'coroutine' object has no attribute 'get'
2025-09-11 16:14:30,578 - backendbot - INFO - Error inesperado en _handle_process_monitoring para PID 41076: 'coroutine' object has no attribute 'get'
2025-09-11 16:14:30,578 - backendbot - INFO - Error inesperado en _handle_process_monitoring para PID 41156: 'coroutine' object has no attribute 'get'
2025-09-11 16:14:30,579 - backendbot - INFO - Error inesperado en _handle_process_monitoring para PID 41356: 'coroutine' object has no attribute 'get'
2025-09-11 16:14:30,579 - backendbot - INFO - Error inesperado en _handle_process_monitoring para PID 41500: 'coroutine' object has no attribute 'get'
2025-09-11 16:14:30,579 - backendbot - INFO - Error inesperado en _handle_process_monitoring para PID 41568: 'coroutine' object has no attribute 'get'
2025-09-11 16:14:30,579 - backendbot - INFO - Error inesperado en _handle_process_monitoring para PID 42120: 'coroutine' object has no attribute 'get'
2025-09-11 16:14:30,580 - backendbot - INFO - Error inesperado en _handle_process_monitoring para PID 42224: 'coroutine' object has no attribute 'get'
2025-09-11 16:14:30,580 - backendbot - INFO - Error inesperado en _handle_process_monitoring para PID 42236: 'coroutine' object has no attribute 'get'
2025-09-11 16:14:30,580 - backendbot - INFO - Error inesperado en _handle_process_monitoring para PID 42380: 'coroutine' object has no attribute 'get'
2025-09-11 16:14:30,580 - backendbot - INFO - Error inesperado en _handle_process_monitoring para PID 42384: 'coroutine' object has no attribute 'get'
2025-09-11 16:14:30,582 - backendbot - INFO - Error inesperado en _handle_process_monitoring para PID 42508: 'coroutine' object has no attribute 'get'
2025-09-11 16:14:30,582 - backendbot - INFO - Error inesperado en _handle_process_monitoring para PID 42980: 'coroutine' object has no attribute 'get'
2025-09-11 16:14:30,600 - backendbot - INFO - Error inesperado en _handle_process_monitoring para PID 43080: 'coroutine' object has no attribute 'get'
2025-09-11 16:14:30,600 - backendbot - INFO - Error inesperado en _handle_process_monitoring para PID 43252: 'coroutine' object has no attribute 'get'
2025-09-11 16:14:30,600 - backendbot - INFO - Error inesperado en _handle_process_monitoring para PID 43536: 'coroutine' object has no attribute 'get'
2025-09-11 16:14:30,600 - backendbot - INFO - Error inesperado en _handle_process_monitoring para PID 44880: 'coroutine' object has no attribute 'get'
2025-09-11 16:14:30,602 - backendbot - INFO - Error inesperado en _handle_process_monitoring para PID 45044: 'coroutine' object has no attribute 'get'
2025-09-11 16:14:30,602 - backendbot - INFO - Error inesperado en _handle_process_monitoring para PID 45276: 'coroutine' object has no attribute 'get'
2025-09-11 16:14:30,602 - backendbot - INFO - Error inesperado en _handle_process_monitoring para PID 45340: 'coroutine' object has no attribute 'get'
2025-09-11 16:14:30,602 - backendbot - INFO - Error inesperado en _handle_process_monitoring para PID 45860: 'coroutine' object has no attribute 'get'
2025-09-11 16:14:30,603 - backendbot - INFO - Error inesperado en _handle_process_monitoring para PID 46032: 'coroutine' object has no attribute 'get'
2025-09-11 16:14:30,603 - backendbot - INFO - Error inesperado en _handle_process_monitoring para PID 46536: 'coroutine' object has no attribute 'get'
2025-09-11 16:14:30,603 - backendbot - INFO - Error inesperado en _handle_process_monitoring para PID 46560: 'coroutine' object has no attribute 'get'
2025-09-11 16:14:30,603 - backendbot - INFO - Error inesperado en _handle_process_monitoring para PID 46580: 'coroutine' object has no attribute 'get'
2025-09-11 16:14:30,603 - backendbot - INFO - Error inesperado en _handle_process_monitoring para PID 46672: 'coroutine' object has no attribute 'get'
2025-09-11 16:14:30,603 - backendbot - INFO - Error inesperado en _handle_process_monitoring para PID 46696: 'coroutine' object has no attribute 'get'
2025-09-11 16:14:30,604 - backendbot - INFO - Error inesperado en _handle_process_monitoring para PID 46840: 'coroutine' object has no attribute 'get'
2025-09-11 16:14:30,604 - backendbot - INFO - Error inesperado en _handle_process_monitoring para PID 46948: 'coroutine' object has no attribute 'get'
2025-09-11 16:14:30,605 - backendbot - INFO - Error inesperado en _handle_process_monitoring para PID 47280: 'coroutine' object has no attribute 'get'
2025-09-11 16:14:30,615 - backendbot - INFO - Error inesperado en _handle_process_monitoring para PID 47340: 'coroutine' object has no attribute 'get'
2025-09-11 16:14:30,616 - backendbot - INFO - Error inesperado en _handle_process_monitoring para PID 47636: 'coroutine' object has no attribute 'get'
2025-09-11 16:14:30,617 - backendbot - INFO - Error inesperado en _handle_process_monitoring para PID 47760: 'coroutine' object has no attribute 'get'
2025-09-11 16:14:30,617 - backendbot - INFO - Error inesperado en _handle_process_monitoring para PID 48472: 'coroutine' object has no attribute 'get'
2025-09-11 16:14:30,617 - backendbot - INFO - Error inesperado en _handle_process_monitoring para PID 48984: 'coroutine' object has no attribute 'get'
2025-09-11 16:14:30,618 - backendbot - INFO - Error inesperado en _handle_process_monitoring para PID 48988: 'coroutine' object has no attribute 'get'
2025-09-11 16:14:30,618 - backendbot - INFO - Error inesperado en _handle_process_monitoring para PID 49264: 'coroutine' object has no attribute 'get'
2025-09-11 16:14:30,618 - backendbot - INFO - Error inesperado en _handle_process_monitoring para PID 49452: 'coroutine' object has no attribute 'get'
2025-09-11 16:14:30,631 - backendbot - INFO - Error inesperado en _handle_process_monitoring para PID 49512: 'coroutine' object has no attribute 'get'
2025-09-11 16:14:30,632 - backendbot - INFO - Error inesperado en _handle_process_monitoring para PID 50484: 'coroutine' object has no attribute 'get'
2025-09-11 16:14:30,634 - backendbot - INFO - Error inesperado en _handle_process_monitoring para PID 50828: 'coroutine' object has no attribute 'get'
2025-09-11 16:14:30,634 - backendbot - INFO - Error inesperado en _handle_process_monitoring para PID 51544: 'coroutine' object has no attribute 'get'
2025-09-11 16:14:30,634 - backendbot - INFO - Error inesperado en _handle_process_monitoring para PID 51664: 'coroutine' object has no attribute 'get'
2025-09-11 16:14:30,634 - backendbot - INFO - Error inesperado en _handle_process_monitoring para PID 51864: 'coroutine' object has no attribute 'get'
2025-09-11 16:14:30,635 - backendbot - INFO - Error inesperado en _handle_process_monitoring para PID 51972: 'coroutine' object has no attribute 'get'
2025-09-11 16:14:30,635 - backendbot - INFO - Error inesperado en _handle_process_monitoring para PID 52620: 'coroutine' object has no attribute 'get'
2025-09-11 16:14:30,646 - backendbot - INFO - Error inesperado en _handle_process_monitoring para PID 53044: 'coroutine' object has no attribute 'get'
2025-09-11 16:14:30,647 - backendbot - INFO - Error inesperado en _handle_process_monitoring para PID 53148: 'coroutine' object has no attribute 'get'
2025-09-11 16:14:30,647 - backendbot - INFO - Error inesperado en _handle_process_monitoring para PID 53660: 'coroutine' object has no attribute 'get'
2025-09-11 16:14:30,648 - backendbot - INFO - Error inesperado en _handle_process_monitoring para PID 53752: 'coroutine' object has no attribute 'get'
2025-09-11 16:14:30,648 - backendbot - INFO - Error inesperado en _handle_process_monitoring para PID 53884: 'coroutine' object has no attribute 'get'
2025-09-11 16:14:30,649 - backendbot - INFO - Error inesperado en _handle_process_monitoring para PID 54080: 'coroutine' object has no attribute 'get'
2025-09-11 16:14:30,661 - backendbot - INFO - Error inesperado en _handle_process_monitoring para PID 54480: 'coroutine' object has no attribute 'get'
2025-09-11 16:14:30,661 - backendbot - INFO - Error inesperado en _handle_process_monitoring para PID 54868: 'coroutine' object has no attribute 'get'
2025-09-11 16:14:30,661 - backendbot - INFO - Error inesperado en _handle_process_monitoring para PID 55048: 'coroutine' object has no attribute 'get'
2025-09-11 16:14:30,662 - backendbot - INFO - Error inesperado en _handle_process_monitoring para PID 55256: 'coroutine' object has no attribute 'get'
2025-09-11 16:14:30,662 - backendbot - INFO - Error inesperado en _handle_process_monitoring para PID 55284: 'coroutine' object has no attribute 'get'
2025-09-11 16:14:30,662 - uvicorn.error - INFO - Application startup complete.
2025-09-11 16:14:34,446 - uvicorn.error - INFO - Shutting down
2025-09-11 16:14:34,554 - uvicorn.error - INFO - Waiting for application shutdown.
2025-09-11 16:14:34,555 - uvicorn.error - INFO - Application shutdown complete.
2025-09-11 16:14:34,556 - uvicorn.error - INFO - Finished server process [6292]
2025-09-11 16:14:37,490 - backendbot - INFO - BackendBot iniciado correctamente
2025-09-11 16:14:37,490 - uvicorn.error - INFO - Started server process [3244]
2025-09-11 16:14:37,490 - uvicorn.error - INFO - Waiting for application startup.
2025-09-11 16:14:38,518 - backendbot - INFO - Staging preview executed: 4 components
2025-09-11 16:14:38,531 - backendbot - INFO - Error inesperado en _handle_process_monitoring para PID 0: 'coroutine' object has no attribute 'get'
2025-09-11 16:14:38,565 - backendbot - INFO - Error inesperado en _handle_process_monitoring para PID 4: 'coroutine' object has no attribute 'get'
2025-09-11 16:14:38,585 - backendbot - INFO - Error inesperado en _handle_process_monitoring para PID 236: 'coroutine' object has no attribute 'get'
2025-09-11 16:14:38,597 - backendbot - INFO - Error inesperado en _handle_process_monitoring para PID 280: 'coroutine' object has no attribute 'get'
2025-09-11 16:14:38,597 - backendbot - INFO - Error inesperado en _handle_process_monitoring para PID 468: 'coroutine' object has no attribute 'get'
2025-09-11 16:14:38,624 - backendbot - INFO - Error inesperado en _handle_process_monitoring para PID 784: 'coroutine' object has no attribute 'get'
2025-09-11 16:14:38,625 - backendbot - INFO - Error inesperado en _handle_process_monitoring para PID 936: 'coroutine' object has no attribute 'get'
2025-09-11 16:14:38,635 - backendbot - INFO - Error inesperado en _handle_process_monitoring para PID 984: 'coroutine' object has no attribute 'get'
2025-09-11 16:14:38,663 - backendbot - INFO - Error inesperado en _handle_process_monitoring para PID 1344: 'coroutine' object has no attribute 'get'
2025-09-11 16:14:38,663 - backendbot - INFO - Error inesperado en _handle_process_monitoring para PID 1348: 'coroutine' object has no attribute 'get'
2025-09-11 16:14:38,674 - backendbot - INFO - Error inesperado en _handle_process_monitoring para PID 1576: 'coroutine' object has no attribute 'get'
2025-09-11 16:14:38,700 - backendbot - INFO - Error inesperado en _handle_process_monitoring para PID 1584: 'coroutine' object has no attribute 'get'
2025-09-11 16:14:38,701 - backendbot - INFO - Error inesperado en _handle_process_monitoring para PID 1608: 'coroutine' object has no attribute 'get'
2025-09-11 16:14:38,712 - backendbot - INFO - Error inesperado en _handle_process_monitoring para PID 1668: 'coroutine' object has no attribute 'get'
2025-09-11 16:14:38,731 - backendbot - INFO - Error inesperado en _handle_process_monitoring para PID 1716: 'coroutine' object has no attribute 'get'
2025-09-11 16:14:38,750 - backendbot - INFO - Error inesperado en _handle_process_monitoring para PID 1724: 'coroutine' object has no attribute 'get'
2025-09-11 16:14:38,775 - backendbot - INFO - Error inesperado en _handle_process_monitoring para PID 1744: 'coroutine' object has no attribute 'get'
2025-09-11 16:14:38,787 - backendbot - INFO - Error inesperado en _handle_process_monitoring para PID 1876: 'coroutine' object has no attribute 'get'
2025-09-11 16:14:38,787 - backendbot - INFO - Error inesperado en _handle_process_monitoring para PID 1892: 'coroutine' object has no attribute 'get'
2025-09-11 16:14:38,813 - backendbot - INFO - Error inesperado en _handle_process_monitoring para PID 1896: 'coroutine' object has no attribute 'get'
2025-09-11 16:14:38,823 - backendbot - INFO - Error inesperado en _handle_process_monitoring para PID 1904: 'coroutine' object has no attribute 'get'
2025-09-11 16:14:38,855 - backendbot - INFO - Error inesperado en _handle_process_monitoring para PID 2024: 'coroutine' object has no attribute 'get'
2025-09-11 16:14:38,856 - backendbot - INFO - Error inesperado en _handle_process_monitoring para PID 2088: 'coroutine' object has no attribute 'get'
2025-09-11 16:14:38,856 - backendbot - INFO - Error inesperado en _handle_process_monitoring para PID 2092: 'coroutine' object has no attribute 'get'
2025-09-11 16:14:38,887 - backendbot - INFO - Error inesperado en _handle_process_monitoring para PID 2108: 'coroutine' object has no attribute 'get'
2025-09-11 16:14:38,926 - backendbot - INFO - Error inesperado en _handle_process_monitoring para PID 2128: 'coroutine' object has no attribute 'get'
2025-09-11 16:14:38,950 - backendbot - INFO - Error inesperado en _handle_process_monitoring para PID 2212: 'coroutine' object has no attribute 'get'
2025-09-11 16:14:38,961 - backendbot - INFO - Error inesperado en _handle_process_monitoring para PID 2220: 'coroutine' object has no attribute 'get'
2025-09-11 16:14:38,985 - backendbot - INFO - Error inesperado en _handle_process_monitoring para PID 2228: 'coroutine' object has no attribute 'get'
2025-09-11 16:14:39,004 - backendbot - INFO - Error inesperado en _handle_process_monitoring para PID 2236: 'coroutine' object has no attribute 'get'
2025-09-11 16:14:39,005 - backendbot - INFO - Error inesperado en _handle_process_monitoring para PID 2384: 'coroutine' object has no attribute 'get'
2025-09-11 16:14:39,037 - backendbot - INFO - Error inesperado en _handle_process_monitoring para PID 2404: 'coroutine' object has no attribute 'get'
2025-09-11 16:14:39,060 - backendbot - INFO - Error inesperado en _handle_process_monitoring para PID 2412: 'coroutine' object has no attribute 'get'
2025-09-11 16:14:39,072 - backendbot - INFO - Error inesperado en _handle_process_monitoring para PID 2420: 'coroutine' object has no attribute 'get'
2025-09-11 16:14:39,095 - backendbot - INFO - Error inesperado en _handle_process_monitoring para PID 2432: 'coroutine' object has no attribute 'get'
2025-09-11 16:14:39,096 - backendbot - INFO - Error inesperado en _handle_process_monitoring para PID 2508: 'coroutine' object has no attribute 'get'
2025-09-11 16:14:39,107 - backendbot - INFO - Error inesperado en _handle_process_monitoring para PID 2512: 'coroutine' object has no attribute 'get'
2025-09-11 16:14:39,132 - backendbot - INFO - Error inesperado en _handle_process_monitoring para PID 2572: 'coroutine' object has no attribute 'get'
2025-09-11 16:14:39,142 - backendbot - INFO - Error inesperado en _handle_process_monitoring para PID 2600: 'coroutine' object has no attribute 'get'
2025-09-11 16:14:39,167 - backendbot - INFO - Error inesperado en _handle_process_monitoring para PID 2624: 'coroutine' object has no attribute 'get'
2025-09-11 16:14:39,180 - backendbot - INFO - Error inesperado en _handle_process_monitoring para PID 2664: 'coroutine' object has no attribute 'get'
2025-09-11 16:14:39,230 - backendbot - INFO - Error inesperado en _handle_process_monitoring para PID 2760: 'coroutine' object has no attribute 'get'
2025-09-11 16:14:39,240 - backendbot - INFO - Error inesperado en _handle_process_monitoring para PID 2772: 'coroutine' object has no attribute 'get'
2025-09-11 16:14:39,251 - backendbot - INFO - Error inesperado en _handle_process_monitoring para PID 2788: 'coroutine' object has no attribute 'get'
2025-09-11 16:14:39,261 - backendbot - INFO - Error inesperado en _handle_process_monitoring para PID 2796: 'coroutine' object has no attribute 'get'
2025-09-11 16:14:39,261 - backendbot - INFO - Error inesperado en _handle_process_monitoring para PID 2920: 'coroutine' object has no attribute 'get'
2025-09-11 16:14:39,274 - backendbot - INFO - Error inesperado en _handle_process_monitoring para PID 2964: 'coroutine' object has no attribute 'get'
2025-09-11 16:14:39,287 - backendbot - INFO - Error inesperado en _handle_process_monitoring para PID 3040: 'coroutine' object has no attribute 'get'
2025-09-11 16:14:39,297 - backendbot - INFO - Error inesperado en _handle_process_monitoring para PID 3152: 'coroutine' object has no attribute 'get'
2025-09-11 16:14:39,299 - backendbot - INFO - Error inesperado en _handle_process_monitoring para PID 3236: 'coroutine' object has no attribute 'get'
2025-09-11 16:14:39,299 - backendbot - INFO - Error inesperado en _handle_process_monitoring para PID 3244: 'coroutine' object has no attribute 'get'
2025-09-11 16:14:39,299 - backendbot - INFO - Error inesperado en _handle_process_monitoring para PID 3260: 'coroutine' object has no attribute 'get'
2025-09-11 16:14:39,309 - backendbot - INFO - Error inesperado en _handle_process_monitoring para PID 3264: 'coroutine' object has no attribute 'get'
2025-09-11 16:14:39,322 - backendbot - INFO - Error inesperado en _handle_process_monitoring para PID 3304: 'coroutine' object has no attribute 'get'
2025-09-11 16:14:39,322 - backendbot - INFO - Error inesperado en _handle_process_monitoring para PID 3432: 'coroutine' object has no attribute 'get'
2025-09-11 16:14:39,335 - backendbot - INFO - Error inesperado en _handle_process_monitoring para PID 3456: 'coroutine' object has no attribute 'get'
2025-09-11 16:14:39,346 - backendbot - INFO - Error inesperado en _handle_process_monitoring para PID 3464: 'coroutine' object has no attribute 'get'
2025-09-11 16:14:39,359 - backendbot - INFO - Error inesperado en _handle_process_monitoring para PID 3476: 'coroutine' object has no attribute 'get'
2025-09-11 16:14:39,369 - backendbot - INFO - Error inesperado en _handle_process_monitoring para PID 3604: 'coroutine' object has no attribute 'get'
2025-09-11 16:14:39,393 - backendbot - INFO - Error inesperado en _handle_process_monitoring para PID 3612: 'coroutine' object has no attribute 'get'
2025-09-11 16:14:39,407 - backendbot - INFO - Error inesperado en _handle_process_monitoring para PID 3620: 'coroutine' object has no attribute 'get'
2025-09-11 16:14:39,423 - backendbot - INFO - Error inesperado en _handle_process_monitoring para PID 3628: 'coroutine' object has no attribute 'get'
2025-09-11 16:14:39,424 - backendbot - INFO - Error inesperado en _handle_process_monitoring para PID 3676: 'coroutine' object has no attribute 'get'
2025-09-11 16:14:39,441 - backendbot - INFO - Error inesperado en _handle_process_monitoring para PID 3740: 'coroutine' object has no attribute 'get'
2025-09-11 16:14:39,458 - backendbot - INFO - Error inesperado en _handle_process_monitoring para PID 3776: 'coroutine' object has no attribute 'get'
2025-09-11 16:14:39,471 - backendbot - INFO - Error inesperado en _handle_process_monitoring para PID 3796: 'coroutine' object has no attribute 'get'
2025-09-11 16:14:39,488 - backendbot - INFO - Error inesperado en _handle_process_monitoring para PID 3800: 'coroutine' object has no attribute 'get'
2025-09-11 16:14:39,499 - backendbot - INFO - Error inesperado en _handle_process_monitoring para PID 3812: 'coroutine' object has no attribute 'get'
2025-09-11 16:14:39,500 - backendbot - INFO - Error inesperado en _handle_process_monitoring para PID 3868: 'coroutine' object has no attribute 'get'
2025-09-11 16:14:39,510 - backendbot - INFO - Error inesperado en _handle_process_monitoring para PID 3948: 'coroutine' object has no attribute 'get'
2025-09-11 16:14:39,523 - backendbot - INFO - Error inesperado en _handle_process_monitoring para PID 3972: 'coroutine' object has no attribute 'get'
2025-09-11 16:14:39,534 - backendbot - INFO - Error inesperado en _handle_process_monitoring para PID 3996: 'coroutine' object has no attribute 'get'
2025-09-11 16:14:39,546 - backendbot - INFO - Error inesperado en _handle_process_monitoring para PID 4052: 'coroutine' object has no attribute 'get'
2025-09-11 16:14:39,547 - backendbot - INFO - Error inesperado en _handle_process_monitoring para PID 4160: 'coroutine' object has no attribute 'get'
2025-09-11 16:14:39,558 - backendbot - INFO - Error inesperado en _handle_process_monitoring para PID 4268: 'coroutine' object has no attribute 'get'
2025-09-11 16:14:39,577 - backendbot - INFO - Error inesperado en _handle_process_monitoring para PID 4292: 'coroutine' object has no attribute 'get'
2025-09-11 16:14:39,588 - backendbot - INFO - Error inesperado en _handle_process_monitoring para PID 4376: 'coroutine' object has no attribute 'get'
2025-09-11 16:14:39,589 - backendbot - INFO - Error inesperado en _handle_process_monitoring para PID 4448: 'coroutine' object has no attribute 'get'
2025-09-11 16:14:39,589 - backendbot - INFO - Error inesperado en _handle_process_monitoring para PID 4544: 'coroutine' object has no attribute 'get'
2025-09-11 16:14:39,600 - backendbot - INFO - Error inesperado en _handle_process_monitoring para PID 4652: 'coroutine' object has no attribute 'get'
2025-09-11 16:14:39,613 - backendbot - INFO - Error inesperado en _handle_process_monitoring para PID 4696: 'coroutine' object has no attribute 'get'
2025-09-11 16:14:39,625 - backendbot - INFO - Error inesperado en _handle_process_monitoring para PID 4784: 'coroutine' object has no attribute 'get'
2025-09-11 16:14:39,637 - backendbot - INFO - Error inesperado en _handle_process_monitoring para PID 4824: 'coroutine' object has no attribute 'get'
2025-09-11 16:14:39,649 - backendbot - INFO - Error inesperado en _handle_process_monitoring para PID 4832: 'coroutine' object has no attribute 'get'
2025-09-11 16:14:39,650 - backendbot - INFO - Error inesperado en _handle_process_monitoring para PID 4936: 'coroutine' object has no attribute 'get'
2025-09-11 16:14:39,661 - backendbot - INFO - Error inesperado en _handle_process_monitoring para PID 4940: 'coroutine' object has no attribute 'get'
2025-09-11 16:14:39,662 - backendbot - INFO - Error inesperado en _handle_process_monitoring para PID 4992: 'coroutine' object has no attribute 'get'
2025-09-11 16:14:39,673 - backendbot - INFO - Error inesperado en _handle_process_monitoring para PID 5016: 'coroutine' object has no attribute 'get'
2025-09-11 16:14:39,673 - backendbot - INFO - Error inesperado en _handle_process_monitoring para PID 5032: 'coroutine' object has no attribute 'get'
2025-09-11 16:14:39,674 - backendbot - INFO - Error inesperado en _handle_process_monitoring para PID 5040: 'coroutine' object has no attribute 'get'
2025-09-11 16:14:39,685 - backendbot - INFO - Error inesperado en _handle_process_monitoring para PID 5212: 'coroutine' object has no attribute 'get'
2025-09-11 16:14:39,686 - backendbot - INFO - Error inesperado en _handle_process_monitoring para PID 5296: 'coroutine' object has no attribute 'get'
2025-09-11 16:14:39,697 - backendbot - INFO - Error inesperado en _handle_process_monitoring para PID 5484: 'coroutine' object has no attribute 'get'
2025-09-11 16:14:39,698 - backendbot - INFO - Error inesperado en _handle_process_monitoring para PID 5508: 'coroutine' object has no attribute 'get'
2025-09-11 16:14:39,698 - backendbot - INFO - Error inesperado en _handle_process_monitoring para PID 5532: 'coroutine' object has no attribute 'get'
2025-09-11 16:14:39,709 - backendbot - INFO - Error inesperado en _handle_process_monitoring para PID 5544: 'coroutine' object has no attribute 'get'
2025-09-11 16:14:39,709 - backendbot - INFO - Error inesperado en _handle_process_monitoring para PID 5552: 'coroutine' object has no attribute 'get'
2025-09-11 16:14:39,723 - backendbot - INFO - Error inesperado en _handle_process_monitoring para PID 5556: 'coroutine' object has no attribute 'get'
2025-09-11 16:14:39,734 - backendbot - INFO - Error inesperado en _handle_process_monitoring para PID 5576: 'coroutine' object has no attribute 'get'
2025-09-11 16:14:39,746 - backendbot - INFO - Error inesperado en _handle_process_monitoring para PID 5588: 'coroutine' object has no attribute 'get'
2025-09-11 16:14:39,757 - backendbot - INFO - Error inesperado en _handle_process_monitoring para PID 5604: 'coroutine' object has no attribute 'get'
2025-09-11 16:14:39,769 - backendbot - INFO - Error inesperado en _handle_process_monitoring para PID 5612: 'coroutine' object has no attribute 'get'
2025-09-11 16:14:39,781 - backendbot - INFO - Error inesperado en _handle_process_monitoring para PID 5624: 'coroutine' object has no attribute 'get'
2025-09-11 16:14:39,793 - backendbot - INFO - Error inesperado en _handle_process_monitoring para PID 5632: 'coroutine' object has no attribute 'get'
2025-09-11 16:14:39,803 - backendbot - INFO - Error inesperado en _handle_process_monitoring para PID 5644: 'coroutine' object has no attribute 'get'
2025-09-11 16:14:39,821 - backendbot - INFO - Error inesperado en _handle_process_monitoring para PID 5652: 'coroutine' object has no attribute 'get'
2025-09-11 16:14:39,832 - backendbot - INFO - Error inesperado en _handle_process_monitoring para PID 5660: 'coroutine' object has no attribute 'get'
2025-09-11 16:14:39,842 - backendbot - INFO - Error inesperado en _handle_process_monitoring para PID 5668: 'coroutine' object has no attribute 'get'
2025-09-11 16:14:39,852 - backendbot - INFO - Error inesperado en _handle_process_monitoring para PID 5676: 'coroutine' object has no attribute 'get'
2025-09-11 16:14:39,863 - backendbot - INFO - Error inesperado en _handle_process_monitoring para PID 5684: 'coroutine' object has no attribute 'get'
2025-09-11 16:14:39,873 - backendbot - INFO - Error inesperado en _handle_process_monitoring para PID 5692: 'coroutine' object has no attribute 'get'
2025-09-11 16:14:39,885 - backendbot - INFO - Error inesperado en _handle_process_monitoring para PID 5700: 'coroutine' object has no attribute 'get'
2025-09-11 16:14:39,896 - backendbot - INFO - Error inesperado en _handle_process_monitoring para PID 5704: 'coroutine' object has no attribute 'get'
2025-09-11 16:14:39,908 - backendbot - INFO - Error inesperado en _handle_process_monitoring para PID 5712: 'coroutine' object has no attribute 'get'
2025-09-11 16:14:39,917 - backendbot - INFO - Error inesperado en _handle_process_monitoring para PID 5744: 'coroutine' object has no attribute 'get'
2025-09-11 16:14:39,927 - backendbot - INFO - Error inesperado en _handle_process_monitoring para PID 5764: 'coroutine' object has no attribute 'get'
2025-09-11 16:14:39,937 - backendbot - INFO - Error inesperado en _handle_process_monitoring para PID 5772: 'coroutine' object has no attribute 'get'
2025-09-11 16:14:39,949 - backendbot - INFO - Error inesperado en _handle_process_monitoring para PID 5788: 'coroutine' object has no attribute 'get'
2025-09-11 16:14:39,959 - backendbot - INFO - Error inesperado en _handle_process_monitoring para PID 5804: 'coroutine' object has no attribute 'get'
2025-09-11 16:14:39,969 - backendbot - INFO - Error inesperado en _handle_process_monitoring para PID 5812: 'coroutine' object has no attribute 'get'
2025-09-11 16:14:39,981 - backendbot - INFO - Error inesperado en _handle_process_monitoring para PID 5824: 'coroutine' object has no attribute 'get'
2025-09-11 16:14:39,992 - backendbot - INFO - Error inesperado en _handle_process_monitoring para PID 5852: 'coroutine' object has no attribute 'get'
2025-09-11 16:14:39,992 - backendbot - INFO - Error inesperado en _handle_process_monitoring para PID 6424: 'coroutine' object has no attribute 'get'
2025-09-11 16:14:39,993 - backendbot - INFO - Error inesperado en _handle_process_monitoring para PID 6552: 'coroutine' object has no attribute 'get'
2025-09-11 16:14:39,993 - backendbot - INFO - Error inesperado en _handle_process_monitoring para PID 6660: 'coroutine' object has no attribute 'get'
2025-09-11 16:14:40,003 - backendbot - INFO - Error inesperado en _handle_process_monitoring para PID 6748: 'coroutine' object has no attribute 'get'
2025-09-11 16:14:40,003 - backendbot - INFO - Error inesperado en _handle_process_monitoring para PID 6756: 'coroutine' object has no attribute 'get'
2025-09-11 16:14:40,015 - backendbot - INFO - Error inesperado en _handle_process_monitoring para PID 6848: 'coroutine' object has no attribute 'get'
2025-09-11 16:14:40,025 - backendbot - INFO - Error inesperado en _handle_process_monitoring para PID 6912: 'coroutine' object has no attribute 'get'
2025-09-11 16:14:40,026 - backendbot - INFO - Error inesperado en _handle_process_monitoring para PID 7016: 'coroutine' object has no attribute 'get'
2025-09-11 16:14:40,036 - backendbot - INFO - Error inesperado en _handle_process_monitoring para PID 7060: 'coroutine' object has no attribute 'get'
2025-09-11 16:14:40,047 - backendbot - INFO - Error inesperado en _handle_process_monitoring para PID 7324: 'coroutine' object has no attribute 'get'
2025-09-11 16:14:40,057 - backendbot - INFO - Error inesperado en _handle_process_monitoring para PID 7364: 'coroutine' object has no attribute 'get'
2025-09-11 16:14:40,058 - backendbot - INFO - Error inesperado en _handle_process_monitoring para PID 7388: 'coroutine' object has no attribute 'get'
2025-09-11 16:14:40,068 - backendbot - INFO - Error inesperado en _handle_process_monitoring para PID 7404: 'coroutine' object has no attribute 'get'
2025-09-11 16:14:40,068 - backendbot - INFO - Error inesperado en _handle_process_monitoring para PID 7468: 'coroutine' object has no attribute 'get'
2025-09-11 16:14:40,069 - backendbot - INFO - Error inesperado en _handle_process_monitoring para PID 7540: 'coroutine' object has no attribute 'get'
2025-09-11 16:14:40,069 - backendbot - INFO - Error inesperado en _handle_process_monitoring para PID 7564: 'coroutine' object has no attribute 'get'
2025-09-11 16:14:40,080 - backendbot - INFO - Error inesperado en _handle_process_monitoring para PID 7600: 'coroutine' object has no attribute 'get'
2025-09-11 16:14:40,080 - backendbot - INFO - Error inesperado en _handle_process_monitoring para PID 7652: 'coroutine' object has no attribute 'get'
2025-09-11 16:14:40,090 - backendbot - INFO - Error inesperado en _handle_process_monitoring para PID 7668: 'coroutine' object has no attribute 'get'
2025-09-11 16:14:40,102 - backendbot - INFO - Error inesperado en _handle_process_monitoring para PID 7712: 'coroutine' object has no attribute 'get'
2025-09-11 16:14:40,113 - backendbot - INFO - Error inesperado en _handle_process_monitoring para PID 7792: 'coroutine' object has no attribute 'get'
2025-09-11 16:14:40,125 - backendbot - INFO - Error inesperado en _handle_process_monitoring para PID 8008: 'coroutine' object has no attribute 'get'
2025-09-11 16:14:40,136 - backendbot - INFO - Error inesperado en _handle_process_monitoring para PID 8268: 'coroutine' object has no attribute 'get'
2025-09-11 16:14:40,148 - backendbot - INFO - Error inesperado en _handle_process_monitoring para PID 8616: 'coroutine' object has no attribute 'get'
2025-09-11 16:14:40,149 - backendbot - INFO - Error inesperado en _handle_process_monitoring para PID 8652: 'coroutine' object has no attribute 'get'
2025-09-11 16:14:40,149 - backendbot - INFO - Error inesperado en _handle_process_monitoring para PID 8700: 'coroutine' object has no attribute 'get'
2025-09-11 16:14:40,160 - backendbot - INFO - Error inesperado en _handle_process_monitoring para PID 8716: 'coroutine' object has no attribute 'get'
2025-09-11 16:14:40,173 - backendbot - INFO - Error inesperado en _handle_process_monitoring para PID 8724: 'coroutine' object has no attribute 'get'
2025-09-11 16:14:40,186 - backendbot - INFO - Error inesperado en _handle_process_monitoring para PID 9180: 'coroutine' object has no attribute 'get'
2025-09-11 16:14:40,186 - backendbot - INFO - Error inesperado en _handle_process_monitoring para PID 9200: 'coroutine' object has no attribute 'get'
2025-09-11 16:14:40,197 - backendbot - INFO - Error inesperado en _handle_process_monitoring para PID 9280: 'coroutine' object has no attribute 'get'
2025-09-11 16:14:40,197 - backendbot - INFO - Error inesperado en _handle_process_monitoring para PID 9444: 'coroutine' object has no attribute 'get'
2025-09-11 16:14:40,208 - backendbot - INFO - Error inesperado en _handle_process_monitoring para PID 9496: 'coroutine' object has no attribute 'get'
2025-09-11 16:14:40,219 - backendbot - INFO - Error inesperado en _handle_process_monitoring para PID 9584: 'coroutine' object has no attribute 'get'
2025-09-11 16:14:40,220 - backendbot - INFO - Error inesperado en _handle_process_monitoring para PID 9592: 'coroutine' object has no attribute 'get'
2025-09-11 16:14:40,232 - backendbot - INFO - Error inesperado en _handle_process_monitoring para PID 9600: 'coroutine' object has no attribute 'get'
2025-09-11 16:14:40,232 - backendbot - INFO - Error inesperado en _handle_process_monitoring para PID 9616: 'coroutine' object has no attribute 'get'
2025-09-11 16:14:40,232 - backendbot - INFO - Error inesperado en _handle_process_monitoring para PID 9668: 'coroutine' object has no attribute 'get'
2025-09-11 16:14:40,233 - backendbot - INFO - Error inesperado en _handle_process_monitoring para PID 9732: 'coroutine' object has no attribute 'get'
2025-09-11 16:14:40,242 - backendbot - INFO - Error inesperado en _handle_process_monitoring para PID 9776: 'coroutine' object has no attribute 'get'
2025-09-11 16:14:40,253 - backendbot - INFO - Error inesperado en _handle_process_monitoring para PID 9884: 'coroutine' object has no attribute 'get'
2025-09-11 16:14:40,263 - backendbot - INFO - Error inesperado en _handle_process_monitoring para PID 10088: 'coroutine' object has no attribute 'get'
2025-09-11 16:14:40,264 - backendbot - INFO - Error inesperado en _handle_process_monitoring para PID 10128: 'coroutine' object has no attribute 'get'
2025-09-11 16:14:40,264 - backendbot - INFO - Error inesperado en _handle_process_monitoring para PID 10212: 'coroutine' object has no attribute 'get'
2025-09-11 16:14:40,265 - backendbot - INFO - Error inesperado en _handle_process_monitoring para PID 10268: 'coroutine' object has no attribute 'get'
2025-09-11 16:14:40,266 - backendbot - INFO - Error inesperado en _handle_process_monitoring para PID 10284: 'coroutine' object has no attribute 'get'
2025-09-11 16:14:40,266 - backendbot - INFO - Error inesperado en _handle_process_monitoring para PID 10296: 'coroutine' object has no attribute 'get'
2025-09-11 16:14:40,266 - backendbot - INFO - Error inesperado en _handle_process_monitoring para PID 10336: 'coroutine' object has no attribute 'get'
2025-09-11 16:14:40,266 - backendbot - INFO - Error inesperado en _handle_process_monitoring para PID 10480: 'coroutine' object has no attribute 'get'
2025-09-11 16:14:40,266 - backendbot - INFO - Error inesperado en _handle_process_monitoring para PID 10488: 'coroutine' object has no attribute 'get'
2025-09-11 16:14:40,267 - backendbot - INFO - Error inesperado en _handle_process_monitoring para PID 10560: 'coroutine' object has no attribute 'get'
2025-09-11 16:14:40,267 - backendbot - INFO - Error inesperado en _handle_process_monitoring para PID 10628: 'coroutine' object has no attribute 'get'
2025-09-11 16:14:40,267 - backendbot - INFO - Error inesperado en _handle_process_monitoring para PID 10652: 'coroutine' object has no attribute 'get'
2025-09-11 16:14:40,267 - backendbot - INFO - Error inesperado en _handle_process_monitoring para PID 10724: 'coroutine' object has no attribute 'get'
2025-09-11 16:14:40,268 - backendbot - INFO - Error inesperado en _handle_process_monitoring para PID 10736: 'coroutine' object has no attribute 'get'
2025-09-11 16:14:40,279 - backendbot - INFO - Error inesperado en _handle_process_monitoring para PID 10804: 'coroutine' object has no attribute 'get'
2025-09-11 16:14:40,279 - backendbot - INFO - Error inesperado en _handle_process_monitoring para PID 10812: 'coroutine' object has no attribute 'get'
2025-09-11 16:14:40,280 - backendbot - INFO - Error inesperado en _handle_process_monitoring para PID 10840: 'coroutine' object has no attribute 'get'
2025-09-11 16:14:40,280 - backendbot - INFO - Error inesperado en _handle_process_monitoring para PID 11112: 'coroutine' object has no attribute 'get'
2025-09-11 16:14:40,280 - backendbot - INFO - Error inesperado en _handle_process_monitoring para PID 11248: 'coroutine' object has no attribute 'get'
2025-09-11 16:14:40,282 - backendbot - INFO - Error inesperado en _handle_process_monitoring para PID 11356: 'coroutine' object has no attribute 'get'
2025-09-11 16:14:40,282 - backendbot - INFO - Error inesperado en _handle_process_monitoring para PID 11396: 'coroutine' object has no attribute 'get'
2025-09-11 16:14:40,292 - backendbot - INFO - Error inesperado en _handle_process_monitoring para PID 11500: 'coroutine' object has no attribute 'get'
2025-09-11 16:14:40,292 - backendbot - INFO - Error inesperado en _handle_process_monitoring para PID 11680: 'coroutine' object has no attribute 'get'
2025-09-11 16:14:40,292 - backendbot - INFO - Error inesperado en _handle_process_monitoring para PID 11828: 'coroutine' object has no attribute 'get'
2025-09-11 16:14:40,293 - backendbot - INFO - Error inesperado en _handle_process_monitoring para PID 11876: 'coroutine' object has no attribute 'get'
2025-09-11 16:14:40,303 - backendbot - INFO - Error inesperado en _handle_process_monitoring para PID 12268: 'coroutine' object has no attribute 'get'
2025-09-11 16:14:40,303 - backendbot - INFO - Error inesperado en _handle_process_monitoring para PID 12320: 'coroutine' object has no attribute 'get'
2025-09-11 16:14:40,303 - backendbot - INFO - Error inesperado en _handle_process_monitoring para PID 12372: 'coroutine' object has no attribute 'get'
2025-09-11 16:14:40,304 - backendbot - INFO - Error inesperado en _handle_process_monitoring para PID 12552: 'coroutine' object has no attribute 'get'
2025-09-11 16:14:40,304 - backendbot - INFO - Error inesperado en _handle_process_monitoring para PID 12664: 'coroutine' object has no attribute 'get'
2025-09-11 16:14:40,305 - backendbot - INFO - Error inesperado en _handle_process_monitoring para PID 12704: 'coroutine' object has no attribute 'get'
2025-09-11 16:14:40,305 - backendbot - INFO - Error inesperado en _handle_process_monitoring para PID 12896: 'coroutine' object has no attribute 'get'
2025-09-11 16:14:40,305 - backendbot - INFO - Error inesperado en _handle_process_monitoring para PID 13080: 'coroutine' object has no attribute 'get'
2025-09-11 16:14:40,306 - backendbot - INFO - Error inesperado en _handle_process_monitoring para PID 13096: 'coroutine' object has no attribute 'get'
2025-09-11 16:14:40,306 - backendbot - INFO - Error inesperado en _handle_process_monitoring para PID 13204: 'coroutine' object has no attribute 'get'
2025-09-11 16:14:40,306 - backendbot - INFO - Error inesperado en _handle_process_monitoring para PID 13412: 'coroutine' object has no attribute 'get'
2025-09-11 16:14:40,306 - backendbot - INFO - Error inesperado en _handle_process_monitoring para PID 13496: 'coroutine' object has no attribute 'get'
2025-09-11 16:14:40,307 - backendbot - INFO - Error inesperado en _handle_process_monitoring para PID 13948: 'coroutine' object has no attribute 'get'
2025-09-11 16:14:40,318 - backendbot - INFO - Error inesperado en _handle_process_monitoring para PID 14028: 'coroutine' object has no attribute 'get'
2025-09-11 16:14:40,318 - backendbot - INFO - Error inesperado en _handle_process_monitoring para PID 14104: 'coroutine' object has no attribute 'get'
2025-09-11 16:14:40,319 - backendbot - INFO - Error inesperado en _handle_process_monitoring para PID 14132: 'coroutine' object has no attribute 'get'
2025-09-11 16:14:40,330 - backendbot - INFO - Error inesperado en _handle_process_monitoring para PID 14176: 'coroutine' object has no attribute 'get'
2025-09-11 16:14:40,330 - backendbot - INFO - Error inesperado en _handle_process_monitoring para PID 14244: 'coroutine' object has no attribute 'get'
2025-09-11 16:14:40,331 - backendbot - INFO - Error inesperado en _handle_process_monitoring para PID 14384: 'coroutine' object has no attribute 'get'
2025-09-11 16:14:40,332 - backendbot - INFO - Error inesperado en _handle_process_monitoring para PID 14428: 'coroutine' object has no attribute 'get'
2025-09-11 16:14:40,342 - backendbot - INFO - Error inesperado en _handle_process_monitoring para PID 14488: 'coroutine' object has no attribute 'get'
2025-09-11 16:14:40,342 - backendbot - INFO - Error inesperado en _handle_process_monitoring para PID 14500: 'coroutine' object has no attribute 'get'
2025-09-11 16:14:40,343 - backendbot - INFO - Error inesperado en _handle_process_monitoring para PID 14516: 'coroutine' object has no attribute 'get'
2025-09-11 16:14:40,343 - backendbot - INFO - Error inesperado en _handle_process_monitoring para PID 14544: 'coroutine' object has no attribute 'get'
2025-09-11 16:14:40,343 - backendbot - INFO - Error inesperado en _handle_process_monitoring para PID 14892: 'coroutine' object has no attribute 'get'
2025-09-11 16:14:40,343 - backendbot - INFO - Error inesperado en _handle_process_monitoring para PID 15024: 'coroutine' object has no attribute 'get'
2025-09-11 16:14:40,354 - backendbot - INFO - Error inesperado en _handle_process_monitoring para PID 15132: 'coroutine' object has no attribute 'get'
2025-09-11 16:14:40,355 - backendbot - INFO - Error inesperado en _handle_process_monitoring para PID 15140: 'coroutine' object has no attribute 'get'
2025-09-11 16:14:40,356 - backendbot - INFO - Error inesperado en _handle_process_monitoring para PID 15180: 'coroutine' object has no attribute 'get'
2025-09-11 16:14:40,356 - backendbot - INFO - Error inesperado en _handle_process_monitoring para PID 15188: 'coroutine' object has no attribute 'get'
2025-09-11 16:14:40,356 - backendbot - INFO - Error inesperado en _handle_process_monitoring para PID 15208: 'coroutine' object has no attribute 'get'
2025-09-11 16:14:40,357 - backendbot - INFO - Error inesperado en _handle_process_monitoring para PID 15432: 'coroutine' object has no attribute 'get'
2025-09-11 16:14:40,357 - backendbot - INFO - Error inesperado en _handle_process_monitoring para PID 15452: 'coroutine' object has no attribute 'get'
2025-09-11 16:14:40,357 - backendbot - INFO - Error inesperado en _handle_process_monitoring para PID 15464: 'coroutine' object has no attribute 'get'
2025-09-11 16:14:40,357 - backendbot - INFO - Error inesperado en _handle_process_monitoring para PID 15480: 'coroutine' object has no attribute 'get'
2025-09-11 16:14:40,367 - backendbot - INFO - Error inesperado en _handle_process_monitoring para PID 15548: 'coroutine' object has no attribute 'get'
2025-09-11 16:14:40,368 - backendbot - INFO - Error inesperado en _handle_process_monitoring para PID 15608: 'coroutine' object has no attribute 'get'
2025-09-11 16:14:40,368 - backendbot - INFO - Error inesperado en _handle_process_monitoring para PID 15836: 'coroutine' object has no attribute 'get'
2025-09-11 16:14:40,368 - backendbot - INFO - Error inesperado en _handle_process_monitoring para PID 15868: 'coroutine' object has no attribute 'get'
2025-09-11 16:14:40,383 - backendbot - INFO - Error inesperado en _handle_process_monitoring para PID 15996: 'coroutine' object has no attribute 'get'
2025-09-11 16:14:40,383 - backendbot - INFO - Error inesperado en _handle_process_monitoring para PID 16200: 'coroutine' object has no attribute 'get'
2025-09-11 16:14:40,384 - backendbot - INFO - Error inesperado en _handle_process_monitoring para PID 16308: 'coroutine' object has no attribute 'get'
2025-09-11 16:14:40,384 - backendbot - INFO - Error inesperado en _handle_process_monitoring para PID 16428: 'coroutine' object has no attribute 'get'
2025-09-11 16:14:40,384 - backendbot - INFO - Error inesperado en _handle_process_monitoring para PID 16512: 'coroutine' object has no attribute 'get'
2025-09-11 16:14:40,386 - backendbot - INFO - Error inesperado en _handle_process_monitoring para PID 16664: 'coroutine' object has no attribute 'get'
2025-09-11 16:14:40,386 - backendbot - INFO - Error inesperado en _handle_process_monitoring para PID 16684: 'coroutine' object has no attribute 'get'
2025-09-11 16:14:40,408 - backendbot - INFO - Error inesperado en _handle_process_monitoring para PID 16712: 'coroutine' object has no attribute 'get'
2025-09-11 16:14:40,419 - backendbot - INFO - Error inesperado en _handle_process_monitoring para PID 17132: 'coroutine' object has no attribute 'get'
2025-09-11 16:14:40,419 - backendbot - INFO - Error inesperado en _handle_process_monitoring para PID 17500: 'coroutine' object has no attribute 'get'
2025-09-11 16:14:40,419 - backendbot - INFO - Error inesperado en _handle_process_monitoring para PID 17788: 'coroutine' object has no attribute 'get'
2025-09-11 16:14:40,420 - backendbot - INFO - Error inesperado en _handle_process_monitoring para PID 18104: 'coroutine' object has no attribute 'get'
2025-09-11 16:14:40,420 - backendbot - INFO - Error inesperado en _handle_process_monitoring para PID 18112: 'coroutine' object has no attribute 'get'
2025-09-11 16:14:40,431 - backendbot - INFO - Error inesperado en _handle_process_monitoring para PID 18308: 'coroutine' object has no attribute 'get'
2025-09-11 16:14:40,433 - backendbot - INFO - Error inesperado en _handle_process_monitoring para PID 18420: 'coroutine' object has no attribute 'get'
2025-09-11 16:14:40,443 - backendbot - INFO - Error inesperado en _handle_process_monitoring para PID 18524: 'coroutine' object has no attribute 'get'
2025-09-11 16:14:40,443 - backendbot - INFO - Error inesperado en _handle_process_monitoring para PID 18564: 'coroutine' object has no attribute 'get'
2025-09-11 16:14:40,443 - backendbot - INFO - Error inesperado en _handle_process_monitoring para PID 18736: 'coroutine' object has no attribute 'get'
2025-09-11 16:14:40,457 - backendbot - INFO - Error inesperado en _handle_process_monitoring para PID 18764: 'coroutine' object has no attribute 'get'
2025-09-11 16:14:40,469 - backendbot - INFO - Error inesperado en _handle_process_monitoring para PID 19072: 'coroutine' object has no attribute 'get'
2025-09-11 16:14:40,469 - backendbot - INFO - Error inesperado en _handle_process_monitoring para PID 19108: 'coroutine' object has no attribute 'get'
2025-09-11 16:14:40,469 - backendbot - INFO - Error inesperado en _handle_process_monitoring para PID 19188: 'coroutine' object has no attribute 'get'
2025-09-11 16:14:40,469 - backendbot - INFO - Error inesperado en _handle_process_monitoring para PID 19380: 'coroutine' object has no attribute 'get'
2025-09-11 16:14:40,470 - backendbot - INFO - Error inesperado en _handle_process_monitoring para PID 19388: 'coroutine' object has no attribute 'get'
2025-09-11 16:14:40,470 - backendbot - INFO - Error inesperado en _handle_process_monitoring para PID 19416: 'coroutine' object has no attribute 'get'
2025-09-11 16:14:40,470 - backendbot - INFO - Error inesperado en _handle_process_monitoring para PID 19720: 'coroutine' object has no attribute 'get'
2025-09-11 16:14:40,470 - backendbot - INFO - Error inesperado en _handle_process_monitoring para PID 19984: 'coroutine' object has no attribute 'get'
2025-09-11 16:14:40,470 - backendbot - INFO - Error inesperado en _handle_process_monitoring para PID 20088: 'coroutine' object has no attribute 'get'
2025-09-11 16:14:40,482 - backendbot - INFO - Error inesperado en _handle_process_monitoring para PID 20232: 'coroutine' object has no attribute 'get'
2025-09-11 16:14:40,493 - backendbot - INFO - Error inesperado en _handle_process_monitoring para PID 20276: 'coroutine' object has no attribute 'get'
2025-09-11 16:14:40,503 - backendbot - INFO - Error inesperado en _handle_process_monitoring para PID 20316: 'coroutine' object has no attribute 'get'
2025-09-11 16:14:40,503 - backendbot - INFO - Error inesperado en _handle_process_monitoring para PID 20332: 'coroutine' object has no attribute 'get'
2025-09-11 16:14:40,504 - backendbot - INFO - Error inesperado en _handle_process_monitoring para PID 20372: 'coroutine' object has no attribute 'get'
2025-09-11 16:14:40,515 - backendbot - INFO - Error inesperado en _handle_process_monitoring para PID 20652: 'coroutine' object has no attribute 'get'
2025-09-11 16:14:40,516 - backendbot - INFO - Error inesperado en _handle_process_monitoring para PID 20672: 'coroutine' object has no attribute 'get'
2025-09-11 16:14:40,516 - backendbot - INFO - Error inesperado en _handle_process_monitoring para PID 20688: 'coroutine' object has no attribute 'get'
2025-09-11 16:14:40,527 - backendbot - INFO - Error inesperado en _handle_process_monitoring para PID 20760: 'coroutine' object has no attribute 'get'
2025-09-11 16:14:40,527 - backendbot - INFO - Error inesperado en _handle_process_monitoring para PID 20948: 'coroutine' object has no attribute 'get'
2025-09-11 16:14:40,527 - backendbot - INFO - Error inesperado en _handle_process_monitoring para PID 20972: 'coroutine' object has no attribute 'get'
2025-09-11 16:14:40,527 - backendbot - INFO - Error inesperado en _handle_process_monitoring para PID 20996: 'coroutine' object has no attribute 'get'
2025-09-11 16:14:40,527 - backendbot - INFO - Error inesperado en _handle_process_monitoring para PID 21140: 'coroutine' object has no attribute 'get'
2025-09-11 16:14:40,529 - backendbot - INFO - Error inesperado en _handle_process_monitoring para PID 21264: 'coroutine' object has no attribute 'get'
2025-09-11 16:14:40,539 - backendbot - INFO - Error inesperado en _handle_process_monitoring para PID 21276: 'coroutine' object has no attribute 'get'
2025-09-11 16:14:40,539 - backendbot - INFO - Error inesperado en _handle_process_monitoring para PID 21520: 'coroutine' object has no attribute 'get'
2025-09-11 16:14:40,539 - backendbot - INFO - Error inesperado en _handle_process_monitoring para PID 21772: 'coroutine' object has no attribute 'get'
2025-09-11 16:14:40,540 - backendbot - INFO - Error inesperado en _handle_process_monitoring para PID 21852: 'coroutine' object has no attribute 'get'
2025-09-11 16:14:40,540 - backendbot - INFO - Error inesperado en _handle_process_monitoring para PID 21948: 'coroutine' object has no attribute 'get'
2025-09-11 16:14:40,540 - backendbot - INFO - Error inesperado en _handle_process_monitoring para PID 21992: 'coroutine' object has no attribute 'get'
2025-09-11 16:14:40,551 - backendbot - INFO - Error inesperado en _handle_process_monitoring para PID 22072: 'coroutine' object has no attribute 'get'
2025-09-11 16:14:40,552 - backendbot - INFO - Error inesperado en _handle_process_monitoring para PID 22256: 'coroutine' object has no attribute 'get'
2025-09-11 16:14:40,552 - backendbot - INFO - Error inesperado en _handle_process_monitoring para PID 22580: 'coroutine' object has no attribute 'get'
2025-09-11 16:14:40,552 - backendbot - INFO - Error inesperado en _handle_process_monitoring para PID 22600: 'coroutine' object has no attribute 'get'
2025-09-11 16:14:40,552 - backendbot - INFO - Error inesperado en _handle_process_monitoring para PID 22740: 'coroutine' object has no attribute 'get'
2025-09-11 16:14:40,564 - backendbot - INFO - Error inesperado en _handle_process_monitoring para PID 22980: 'coroutine' object has no attribute 'get'
2025-09-11 16:14:40,565 - backendbot - INFO - Error inesperado en _handle_process_monitoring para PID 22984: 'coroutine' object has no attribute 'get'
2025-09-11 16:14:40,565 - backendbot - INFO - Error inesperado en _handle_process_monitoring para PID 23448: 'coroutine' object has no attribute 'get'
2025-09-11 16:14:40,565 - backendbot - INFO - Error inesperado en _handle_process_monitoring para PID 23560: 'coroutine' object has no attribute 'get'
2025-09-11 16:14:40,565 - backendbot - INFO - Error inesperado en _handle_process_monitoring para PID 23616: 'coroutine' object has no attribute 'get'
2025-09-11 16:14:40,566 - backendbot - INFO - Error inesperado en _handle_process_monitoring para PID 23728: 'coroutine' object has no attribute 'get'
2025-09-11 16:14:40,566 - backendbot - INFO - Error inesperado en _handle_process_monitoring para PID 23776: 'coroutine' object has no attribute 'get'
2025-09-11 16:14:40,566 - backendbot - INFO - Error inesperado en _handle_process_monitoring para PID 23796: 'coroutine' object has no attribute 'get'
2025-09-11 16:14:40,566 - backendbot - INFO - Error inesperado en _handle_process_monitoring para PID 23908: 'coroutine' object has no attribute 'get'
2025-09-11 16:14:40,577 - backendbot - INFO - Error inesperado en _handle_process_monitoring para PID 23916: 'coroutine' object has no attribute 'get'
2025-09-11 16:14:40,578 - backendbot - INFO - Error inesperado en _handle_process_monitoring para PID 23956: 'coroutine' object has no attribute 'get'
2025-09-11 16:14:40,578 - backendbot - INFO - Error inesperado en _handle_process_monitoring para PID 23964: 'coroutine' object has no attribute 'get'
2025-09-11 16:14:40,578 - backendbot - INFO - Error inesperado en _handle_process_monitoring para PID 24080: 'coroutine' object has no attribute 'get'
2025-09-11 16:14:40,579 - backendbot - INFO - Error inesperado en _handle_process_monitoring para PID 24280: 'coroutine' object has no attribute 'get'
2025-09-11 16:14:40,579 - backendbot - INFO - Error inesperado en _handle_process_monitoring para PID 24364: 'coroutine' object has no attribute 'get'
2025-09-11 16:14:40,579 - backendbot - INFO - Error inesperado en _handle_process_monitoring para PID 24472: 'coroutine' object has no attribute 'get'
2025-09-11 16:14:40,579 - backendbot - INFO - Error inesperado en _handle_process_monitoring para PID 24652: 'coroutine' object has no attribute 'get'
2025-09-11 16:14:40,580 - backendbot - INFO - Error inesperado en _handle_process_monitoring para PID 24688: 'coroutine' object has no attribute 'get'
2025-09-11 16:14:40,580 - backendbot - INFO - Error inesperado en _handle_process_monitoring para PID 24696: 'coroutine' object has no attribute 'get'
2025-09-11 16:14:40,581 - backendbot - INFO - Error inesperado en _handle_process_monitoring para PID 24704: 'coroutine' object has no attribute 'get'
2025-09-11 16:14:40,581 - backendbot - INFO - Error inesperado en _handle_process_monitoring para PID 24804: 'coroutine' object has no attribute 'get'
2025-09-11 16:14:40,592 - backendbot - INFO - Error inesperado en _handle_process_monitoring para PID 25164: 'coroutine' object has no attribute 'get'
2025-09-11 16:14:40,592 - backendbot - INFO - Error inesperado en _handle_process_monitoring para PID 25172: 'coroutine' object has no attribute 'get'
2025-09-11 16:14:40,593 - backendbot - INFO - Error inesperado en _handle_process_monitoring para PID 25436: 'coroutine' object has no attribute 'get'
2025-09-11 16:14:40,603 - backendbot - INFO - Error inesperado en _handle_process_monitoring para PID 25488: 'coroutine' object has no attribute 'get'
2025-09-11 16:14:40,603 - backendbot - INFO - Error inesperado en _handle_process_monitoring para PID 25616: 'coroutine' object has no attribute 'get'
2025-09-11 16:14:40,603 - backendbot - INFO - Error inesperado en _handle_process_monitoring para PID 25736: 'coroutine' object has no attribute 'get'
2025-09-11 16:14:40,603 - backendbot - INFO - Error inesperado en _handle_process_monitoring para PID 25992: 'coroutine' object has no attribute 'get'
2025-09-11 16:14:40,614 - backendbot - INFO - Error inesperado en _handle_process_monitoring para PID 26396: 'coroutine' object has no attribute 'get'
2025-09-11 16:14:40,625 - backendbot - INFO - Error inesperado en _handle_process_monitoring para PID 26468: 'coroutine' object has no attribute 'get'
2025-09-11 16:14:40,636 - backendbot - INFO - Error inesperado en _handle_process_monitoring para PID 26500: 'coroutine' object has no attribute 'get'
2025-09-11 16:14:40,646 - backendbot - INFO - Error inesperado en _handle_process_monitoring para PID 26528: 'coroutine' object has no attribute 'get'
2025-09-11 16:14:40,660 - backendbot - INFO - Error inesperado en _handle_process_monitoring para PID 26556: 'coroutine' object has no attribute 'get'
2025-09-11 16:14:40,660 - backendbot - INFO - Error inesperado en _handle_process_monitoring para PID 26676: 'coroutine' object has no attribute 'get'
2025-09-11 16:14:40,673 - backendbot - INFO - Error inesperado en _handle_process_monitoring para PID 26680: 'coroutine' object has no attribute 'get'
2025-09-11 16:14:40,685 - backendbot - INFO - Error inesperado en _handle_process_monitoring para PID 26868: 'coroutine' object has no attribute 'get'
2025-09-11 16:14:40,696 - backendbot - INFO - Error inesperado en _handle_process_monitoring para PID 26956: 'coroutine' object has no attribute 'get'
2025-09-11 16:14:40,696 - backendbot - INFO - Error inesperado en _handle_process_monitoring para PID 27348: 'coroutine' object has no attribute 'get'
2025-09-11 16:14:40,697 - backendbot - INFO - Error inesperado en _handle_process_monitoring para PID 27576: 'coroutine' object has no attribute 'get'
2025-09-11 16:14:40,697 - backendbot - INFO - Error inesperado en _handle_process_monitoring para PID 27904: 'coroutine' object has no attribute 'get'
2025-09-11 16:14:40,708 - backendbot - INFO - Error inesperado en _handle_process_monitoring para PID 28452: 'coroutine' object has no attribute 'get'
2025-09-11 16:14:40,708 - backendbot - INFO - Error inesperado en _handle_process_monitoring para PID 28684: 'coroutine' object has no attribute 'get'
2025-09-11 16:14:40,708 - backendbot - INFO - Error inesperado en _handle_process_monitoring para PID 28836: 'coroutine' object has no attribute 'get'
2025-09-11 16:14:40,709 - backendbot - INFO - Error inesperado en _handle_process_monitoring para PID 29120: 'coroutine' object has no attribute 'get'
2025-09-11 16:14:40,709 - backendbot - INFO - Error inesperado en _handle_process_monitoring para PID 29228: 'coroutine' object has no attribute 'get'
2025-09-11 16:14:40,710 - backendbot - INFO - Error inesperado en _handle_process_monitoring para PID 29476: 'coroutine' object has no attribute 'get'
2025-09-11 16:14:40,710 - backendbot - INFO - Error inesperado en _handle_process_monitoring para PID 29916: 'coroutine' object has no attribute 'get'
2025-09-11 16:14:40,710 - backendbot - INFO - Error inesperado en _handle_process_monitoring para PID 29920: 'coroutine' object has no attribute 'get'
2025-09-11 16:14:40,710 - backendbot - INFO - Error inesperado en _handle_process_monitoring para PID 30124: 'coroutine' object has no attribute 'get'
2025-09-11 16:14:40,711 - backendbot - INFO - Error inesperado en _handle_process_monitoring para PID 30444: 'coroutine' object has no attribute 'get'
2025-09-11 16:14:40,711 - backendbot - INFO - Error inesperado en _handle_process_monitoring para PID 30748: 'coroutine' object has no attribute 'get'
2025-09-11 16:14:40,711 - backendbot - INFO - Error inesperado en _handle_process_monitoring para PID 31032: 'coroutine' object has no attribute 'get'
2025-09-11 16:14:40,711 - backendbot - INFO - Error inesperado en _handle_process_monitoring para PID 31256: 'coroutine' object has no attribute 'get'
2025-09-11 16:14:40,712 - backendbot - INFO - Error inesperado en _handle_process_monitoring para PID 31364: 'coroutine' object has no attribute 'get'
2025-09-11 16:14:40,712 - backendbot - INFO - Error inesperado en _handle_process_monitoring para PID 31436: 'coroutine' object has no attribute 'get'
2025-09-11 16:14:40,725 - backendbot - INFO - Error inesperado en _handle_process_monitoring para PID 31444: 'coroutine' object has no attribute 'get'
2025-09-11 16:14:40,725 - backendbot - INFO - Error inesperado en _handle_process_monitoring para PID 31476: 'coroutine' object has no attribute 'get'
2025-09-11 16:14:40,725 - backendbot - INFO - Error inesperado en _handle_process_monitoring para PID 31992: 'coroutine' object has no attribute 'get'
2025-09-11 16:14:40,726 - backendbot - INFO - Error inesperado en _handle_process_monitoring para PID 32268: 'coroutine' object has no attribute 'get'
2025-09-11 16:14:40,726 - backendbot - INFO - Error inesperado en _handle_process_monitoring para PID 32400: 'coroutine' object has no attribute 'get'
2025-09-11 16:14:40,740 - backendbot - INFO - Error inesperado en _handle_process_monitoring para PID 32596: 'coroutine' object has no attribute 'get'
2025-09-11 16:14:40,740 - backendbot - INFO - Error inesperado en _handle_process_monitoring para PID 32784: 'coroutine' object has no attribute 'get'
2025-09-11 16:14:40,741 - backendbot - INFO - Error inesperado en _handle_process_monitoring para PID 33032: 'coroutine' object has no attribute 'get'
2025-09-11 16:14:40,741 - backendbot - INFO - Error inesperado en _handle_process_monitoring para PID 33068: 'coroutine' object has no attribute 'get'
2025-09-11 16:14:40,741 - backendbot - INFO - Error inesperado en _handle_process_monitoring para PID 33228: 'coroutine' object has no attribute 'get'
2025-09-11 16:14:40,742 - backendbot - INFO - Error inesperado en _handle_process_monitoring para PID 33296: 'coroutine' object has no attribute 'get'
2025-09-11 16:14:40,742 - backendbot - INFO - Error inesperado en _handle_process_monitoring para PID 33308: 'coroutine' object has no attribute 'get'
2025-09-11 16:14:40,742 - backendbot - INFO - Error inesperado en _handle_process_monitoring para PID 34064: 'coroutine' object has no attribute 'get'
2025-09-11 16:14:40,742 - backendbot - INFO - Error inesperado en _handle_process_monitoring para PID 34764: 'coroutine' object has no attribute 'get'
2025-09-11 16:14:40,743 - backendbot - INFO - Error inesperado en _handle_process_monitoring para PID 34844: 'coroutine' object has no attribute 'get'
2025-09-11 16:14:40,743 - backendbot - INFO - Error inesperado en _handle_process_monitoring para PID 34948: 'coroutine' object has no attribute 'get'
2025-09-11 16:14:40,743 - backendbot - INFO - Error inesperado en _handle_process_monitoring para PID 34996: 'coroutine' object has no attribute 'get'
2025-09-11 16:14:40,780 - backendbot - INFO - Error inesperado en _handle_process_monitoring para PID 35120: 'coroutine' object has no attribute 'get'
2025-09-11 16:14:40,783 - backendbot - INFO - Error inesperado en _handle_process_monitoring para PID 35132: 'coroutine' object has no attribute 'get'
2025-09-11 16:14:40,784 - backendbot - INFO - Error inesperado en _handle_process_monitoring para PID 35184: 'coroutine' object has no attribute 'get'
2025-09-11 16:14:40,785 - backendbot - INFO - Error inesperado en _handle_process_monitoring para PID 35276: 'coroutine' object has no attribute 'get'
2025-09-11 16:14:40,786 - backendbot - INFO - Error inesperado en _handle_process_monitoring para PID 35348: 'coroutine' object has no attribute 'get'
2025-09-11 16:14:40,786 - backendbot - INFO - Error inesperado en _handle_process_monitoring para PID 35876: 'coroutine' object has no attribute 'get'
2025-09-11 16:14:40,787 - backendbot - INFO - Error inesperado en _handle_process_monitoring para PID 35916: 'coroutine' object has no attribute 'get'
2025-09-11 16:14:40,788 - backendbot - INFO - Error inesperado en _handle_process_monitoring para PID 36056: 'coroutine' object has no attribute 'get'
2025-09-11 16:14:40,806 - backendbot - INFO - Error inesperado en _handle_process_monitoring para PID 36240: 'coroutine' object has no attribute 'get'
2025-09-11 16:14:40,807 - backendbot - INFO - Error inesperado en _handle_process_monitoring para PID 36624: 'coroutine' object has no attribute 'get'
2025-09-11 16:14:40,808 - backendbot - INFO - Error inesperado en _handle_process_monitoring para PID 36712: 'coroutine' object has no attribute 'get'
2025-09-11 16:14:40,808 - backendbot - INFO - Error inesperado en _handle_process_monitoring para PID 36820: 'coroutine' object has no attribute 'get'
2025-09-11 16:14:40,809 - backendbot - INFO - Error inesperado en _handle_process_monitoring para PID 36996: 'coroutine' object has no attribute 'get'
2025-09-11 16:14:40,809 - backendbot - INFO - Error inesperado en _handle_process_monitoring para PID 37384: 'coroutine' object has no attribute 'get'
2025-09-11 16:14:40,810 - backendbot - INFO - Error inesperado en _handle_process_monitoring para PID 37844: 'coroutine' object has no attribute 'get'
2025-09-11 16:14:40,810 - backendbot - INFO - Error inesperado en _handle_process_monitoring para PID 38172: 'coroutine' object has no attribute 'get'
2025-09-11 16:14:40,826 - backendbot - INFO - Error inesperado en _handle_process_monitoring para PID 38564: 'coroutine' object has no attribute 'get'
2025-09-11 16:14:40,826 - backendbot - INFO - Error inesperado en _handle_process_monitoring para PID 38580: 'coroutine' object has no attribute 'get'
2025-09-11 16:14:40,827 - backendbot - INFO - Error inesperado en _handle_process_monitoring para PID 38688: 'coroutine' object has no attribute 'get'
2025-09-11 16:14:40,827 - backendbot - INFO - Error inesperado en _handle_process_monitoring para PID 38708: 'coroutine' object has no attribute 'get'
2025-09-11 16:14:40,841 - backendbot - INFO - Error inesperado en _handle_process_monitoring para PID 38848: 'coroutine' object has no attribute 'get'
2025-09-11 16:14:40,842 - backendbot - INFO - Error inesperado en _handle_process_monitoring para PID 38932: 'coroutine' object has no attribute 'get'
2025-09-11 16:14:40,842 - backendbot - INFO - Error inesperado en _handle_process_monitoring para PID 40484: 'coroutine' object has no attribute 'get'
2025-09-11 16:14:40,843 - backendbot - INFO - Error inesperado en _handle_process_monitoring para PID 41076: 'coroutine' object has no attribute 'get'
2025-09-11 16:14:40,843 - backendbot - INFO - Error inesperado en _handle_process_monitoring para PID 41156: 'coroutine' object has no attribute 'get'
2025-09-11 16:14:40,843 - backendbot - INFO - Error inesperado en _handle_process_monitoring para PID 41356: 'coroutine' object has no attribute 'get'
2025-09-11 16:14:40,844 - backendbot - INFO - Error inesperado en _handle_process_monitoring para PID 41500: 'coroutine' object has no attribute 'get'
2025-09-11 16:14:40,844 - backendbot - INFO - Error inesperado en _handle_process_monitoring para PID 41568: 'coroutine' object has no attribute 'get'
2025-09-11 16:14:40,844 - backendbot - INFO - Error inesperado en _handle_process_monitoring para PID 42120: 'coroutine' object has no attribute 'get'
2025-09-11 16:14:40,845 - backendbot - INFO - Error inesperado en _handle_process_monitoring para PID 42224: 'coroutine' object has no attribute 'get'
2025-09-11 16:14:40,845 - backendbot - INFO - Error inesperado en _handle_process_monitoring para PID 42236: 'coroutine' object has no attribute 'get'
2025-09-11 16:14:40,846 - backendbot - INFO - Error inesperado en _handle_process_monitoring para PID 42380: 'coroutine' object has no attribute 'get'
2025-09-11 16:14:40,846 - backendbot - INFO - Error inesperado en _handle_process_monitoring para PID 42384: 'coroutine' object has no attribute 'get'
2025-09-11 16:14:40,846 - backendbot - INFO - Error inesperado en _handle_process_monitoring para PID 42508: 'coroutine' object has no attribute 'get'
2025-09-11 16:14:40,846 - backendbot - INFO - Error inesperado en _handle_process_monitoring para PID 42980: 'coroutine' object has no attribute 'get'
2025-09-11 16:14:40,859 - backendbot - INFO - Error inesperado en _handle_process_monitoring para PID 43080: 'coroutine' object has no attribute 'get'
2025-09-11 16:14:40,859 - backendbot - INFO - Error inesperado en _handle_process_monitoring para PID 43252: 'coroutine' object has no attribute 'get'
2025-09-11 16:14:40,859 - backendbot - INFO - Error inesperado en _handle_process_monitoring para PID 43536: 'coroutine' object has no attribute 'get'
2025-09-11 16:14:40,860 - backendbot - INFO - Error inesperado en _handle_process_monitoring para PID 44880: 'coroutine' object has no attribute 'get'
2025-09-11 16:14:40,860 - backendbot - INFO - Error inesperado en _handle_process_monitoring para PID 45044: 'coroutine' object has no attribute 'get'
2025-09-11 16:14:40,860 - backendbot - INFO - Error inesperado en _handle_process_monitoring para PID 45276: 'coroutine' object has no attribute 'get'
2025-09-11 16:14:40,860 - backendbot - INFO - Error inesperado en _handle_process_monitoring para PID 45340: 'coroutine' object has no attribute 'get'
2025-09-11 16:14:40,861 - backendbot - INFO - Error inesperado en _handle_process_monitoring para PID 45860: 'coroutine' object has no attribute 'get'
2025-09-11 16:14:40,861 - backendbot - INFO - Error inesperado en _handle_process_monitoring para PID 46032: 'coroutine' object has no attribute 'get'
2025-09-11 16:14:40,861 - backendbot - INFO - Error inesperado en _handle_process_monitoring para PID 46536: 'coroutine' object has no attribute 'get'
2025-09-11 16:14:40,861 - backendbot - INFO - Error inesperado en _handle_process_monitoring para PID 46560: 'coroutine' object has no attribute 'get'
2025-09-11 16:14:40,862 - backendbot - INFO - Error inesperado en _handle_process_monitoring para PID 46580: 'coroutine' object has no attribute 'get'
2025-09-11 16:14:40,862 - backendbot - INFO - Error inesperado en _handle_process_monitoring para PID 46672: 'coroutine' object has no attribute 'get'
2025-09-11 16:14:40,862 - backendbot - INFO - Error inesperado en _handle_process_monitoring para PID 46696: 'coroutine' object has no attribute 'get'
2025-09-11 16:14:40,862 - backendbot - INFO - Error inesperado en _handle_process_monitoring para PID 46840: 'coroutine' object has no attribute 'get'
2025-09-11 16:14:40,862 - backendbot - INFO - Error inesperado en _handle_process_monitoring para PID 46948: 'coroutine' object has no attribute 'get'
2025-09-11 16:14:40,864 - backendbot - INFO - Error inesperado en _handle_process_monitoring para PID 47280: 'coroutine' object has no attribute 'get'
2025-09-11 16:14:40,880 - backendbot - INFO - Error inesperado en _handle_process_monitoring para PID 47340: 'coroutine' object has no attribute 'get'
2025-09-11 16:14:40,880 - backendbot - INFO - Error inesperado en _handle_process_monitoring para PID 47636: 'coroutine' object has no attribute 'get'
2025-09-11 16:14:40,882 - backendbot - INFO - Error inesperado en _handle_process_monitoring para PID 47760: 'coroutine' object has no attribute 'get'
2025-09-11 16:14:40,882 - backendbot - INFO - Error inesperado en _handle_process_monitoring para PID 48472: 'coroutine' object has no attribute 'get'
2025-09-11 16:14:40,882 - backendbot - INFO - Error inesperado en _handle_process_monitoring para PID 48984: 'coroutine' object has no attribute 'get'
2025-09-11 16:14:40,882 - backendbot - INFO - Error inesperado en _handle_process_monitoring para PID 48988: 'coroutine' object has no attribute 'get'
2025-09-11 16:14:40,883 - backendbot - INFO - Error inesperado en _handle_process_monitoring para PID 49264: 'coroutine' object has no attribute 'get'
2025-09-11 16:14:40,883 - backendbot - INFO - Error inesperado en _handle_process_monitoring para PID 49452: 'coroutine' object has no attribute 'get'
2025-09-11 16:14:40,893 - backendbot - INFO - Error inesperado en _handle_process_monitoring para PID 49512: 'coroutine' object has no attribute 'get'
2025-09-11 16:14:40,893 - backendbot - INFO - Error inesperado en _handle_process_monitoring para PID 50484: 'coroutine' object has no attribute 'get'
2025-09-11 16:14:40,893 - backendbot - INFO - Error inesperado en _handle_process_monitoring para PID 50828: 'coroutine' object has no attribute 'get'
2025-09-11 16:14:40,894 - backendbot - INFO - Error inesperado en _handle_process_monitoring para PID 51544: 'coroutine' object has no attribute 'get'
2025-09-11 16:14:40,894 - backendbot - INFO - Error inesperado en _handle_process_monitoring para PID 51664: 'coroutine' object has no attribute 'get'
2025-09-11 16:14:40,894 - backendbot - INFO - Error inesperado en _handle_process_monitoring para PID 51864: 'coroutine' object has no attribute 'get'
2025-09-11 16:14:40,894 - backendbot - INFO - Error inesperado en _handle_process_monitoring para PID 51972: 'coroutine' object has no attribute 'get'
2025-09-11 16:14:40,894 - backendbot - INFO - Error inesperado en _handle_process_monitoring para PID 52620: 'coroutine' object has no attribute 'get'
2025-09-11 16:14:40,906 - backendbot - INFO - Error inesperado en _handle_process_monitoring para PID 53044: 'coroutine' object has no attribute 'get'
2025-09-11 16:14:40,906 - backendbot - INFO - Error inesperado en _handle_process_monitoring para PID 53148: 'coroutine' object has no attribute 'get'
2025-09-11 16:14:40,906 - backendbot - INFO - Error inesperado en _handle_process_monitoring para PID 53660: 'coroutine' object has no attribute 'get'
2025-09-11 16:14:40,906 - backendbot - INFO - Error inesperado en _handle_process_monitoring para PID 53752: 'coroutine' object has no attribute 'get'
2025-09-11 16:14:40,908 - backendbot - INFO - Error inesperado en _handle_process_monitoring para PID 53884: 'coroutine' object has no attribute 'get'
2025-09-11 16:14:40,908 - backendbot - INFO - Error inesperado en _handle_process_monitoring para PID 54080: 'coroutine' object has no attribute 'get'
2025-09-11 16:14:40,919 - backendbot - INFO - Error inesperado en _handle_process_monitoring para PID 54480: 'coroutine' object has no attribute 'get'
2025-09-11 16:14:40,919 - backendbot - INFO - Error inesperado en _handle_process_monitoring para PID 54868: 'coroutine' object has no attribute 'get'
2025-09-11 16:14:40,920 - backendbot - INFO - Error inesperado en _handle_process_monitoring para PID 55048: 'coroutine' object has no attribute 'get'
2025-09-11 16:14:40,920 - backendbot - INFO - Error inesperado en _handle_process_monitoring para PID 55256: 'coroutine' object has no attribute 'get'
2025-09-11 16:14:40,920 - backendbot - INFO - Error inesperado en _handle_process_monitoring para PID 55284: 'coroutine' object has no attribute 'get'
2025-09-11 16:14:40,920 - uvicorn.error - INFO - Application startup complete.
2025-09-11 16:14:44,934 - uvicorn.error - INFO - Shutting down
2025-09-11 16:14:45,041 - uvicorn.error - INFO - Waiting for application shutdown.
2025-09-11 16:14:45,041 - uvicorn.error - INFO - Application shutdown complete.
2025-09-11 16:14:45,041 - uvicorn.error - INFO - Finished server process [3244]
2025-09-11 16:14:48,264 - backendbot - INFO - BackendBot iniciado correctamente
2025-09-11 16:14:48,264 - uvicorn.error - INFO - Started server process [44732]
2025-09-11 16:14:48,264 - uvicorn.error - INFO - Waiting for application startup.
2025-09-11 16:14:50,016 - backendbot - INFO - Staging preview executed: 4 components
2025-09-11 16:14:50,019 - uvicorn.error - INFO - Application startup complete.
2025-09-11 16:15:29,051 - uvicorn.error - INFO - Shutting down
2025-09-11 16:15:29,161 - uvicorn.error - INFO - Waiting for application shutdown.
2025-09-11 16:15:29,161 - uvicorn.error - INFO - Application shutdown complete.
2025-09-11 16:15:29,162 - uvicorn.error - INFO - Finished server process [44732]
2025-09-11 16:16:03,837 - backendbot - INFO - Error inesperado en _handle_process_monitoring para PID 0: notify() got an unexpected keyword argument 'duration'
2025-09-11 16:16:06,101 - backendbot - INFO - Error inesperado en _handle_process_monitoring para PID 32784: notify() got an unexpected keyword argument 'duration'
2025-09-11 16:16:11,269 - backendbot - INFO - Error inesperado en _handle_process_monitoring para PID 0: notify() got an unexpected keyword argument 'duration'
2025-09-11 16:16:13,375 - backendbot - INFO - Error inesperado en _handle_process_monitoring para PID 32784: notify() got an unexpected keyword argument 'duration'
2025-09-11 16:17:13,673 - backendbot - INFO - Error inesperado en _handle_process_monitoring para PID 0: notify() got an unexpected keyword argument 'duration'
2025-09-11 16:17:18,813 - backendbot - INFO - Error inesperado en _handle_process_monitoring para PID 32784: notify() got an unexpected keyword argument 'duration'
2025-09-11 16:17:24,180 - backendbot - INFO - Error inesperado en _handle_process_monitoring para PID 0: notify() got an unexpected keyword argument 'duration'
2025-09-11 16:17:26,434 - backendbot - INFO - Error inesperado en _handle_process_monitoring para PID 32784: notify() got an unexpected keyword argument 'duration'
2025-09-11 16:18:26,660 - backendbot - INFO - Error inesperado en _handle_process_monitoring para PID 0: notify() got an unexpected keyword argument 'duration'
2025-09-11 16:18:30,860 - backendbot - INFO - Error inesperado en _handle_process_monitoring para PID 28548: notify() got an unexpected keyword argument 'duration'
2025-09-11 16:18:30,889 - backendbot - INFO - Error inesperado en _handle_process_monitoring para PID 32784: notify() got an unexpected keyword argument 'duration'
2025-09-11 16:18:36,215 - backendbot - INFO - Error inesperado en _handle_process_monitoring para PID 0: notify() got an unexpected keyword argument 'duration'
2025-09-11 16:18:40,405 - backendbot - INFO - Error inesperado en _handle_process_monitoring para PID 28548: notify() got an unexpected keyword argument 'duration'
2025-09-11 16:18:40,447 - backendbot - INFO - Error inesperado en _handle_process_monitoring para PID 32784: notify() got an unexpected keyword argument 'duration'
2025-09-11 16:19:40,776 - backendbot - INFO - Error inesperado en _handle_process_monitoring para PID 0: notify() got an unexpected keyword argument 'duration'
2025-09-11 16:19:43,127 - backendbot - INFO - Error inesperado en _handle_process_monitoring para PID 5812: notify() got an unexpected keyword argument 'duration'
2025-09-11 16:19:44,128 - backendbot - INFO - Error inesperado en _handle_process_monitoring para PID 13412: notify() got an unexpected keyword argument 'duration'
2025-09-11 16:19:45,333 - backendbot - INFO - Error inesperado en _handle_process_monitoring para PID 28548: notify() got an unexpected keyword argument 'duration'
2025-09-11 16:19:45,417 - backendbot - INFO - Error inesperado en _handle_process_monitoring para PID 32784: notify() got an unexpected keyword argument 'duration'
2025-09-11 16:19:50,815 - backendbot - INFO - Error inesperado en _handle_process_monitoring para PID 0: notify() got an unexpected keyword argument 'duration'
2025-09-11 16:19:54,976 - backendbot - INFO - Error inesperado en _handle_process_monitoring para PID 5812: notify() got an unexpected keyword argument 'duration'
2025-09-11 16:19:55,935 - backendbot - INFO - Error inesperado en _handle_process_monitoring para PID 13412: notify() got an unexpected keyword argument 'duration'
2025-09-11 16:19:57,114 - backendbot - INFO - Error inesperado en _handle_process_monitoring para PID 28548: notify() got an unexpected keyword argument 'duration'
2025-09-11 16:20:57,468 - backendbot - INFO - Error inesperado en _handle_process_monitoring para PID 0: notify() got an unexpected keyword argument 'duration'
2025-09-11 16:21:00,027 - backendbot - INFO - Error inesperado en _handle_process_monitoring para PID 5812: notify() got an unexpected keyword argument 'duration'
2025-09-11 16:21:01,740 - backendbot - INFO - Error inesperado en _handle_process_monitoring para PID 28548: notify() got an unexpected keyword argument 'duration'
2025-09-11 16:21:01,994 - backendbot - INFO - Error inesperado en _handle_process_monitoring para PID 54080: notify() got an unexpected keyword argument 'duration'
2025-09-11 16:21:07,037 - backendbot - INFO - Error inesperado en _handle_process_monitoring para PID 0: notify() got an unexpected keyword argument 'duration'
2025-09-11 16:21:10,096 - backendbot - INFO - Error inesperado en _handle_process_monitoring para PID 5812: notify() got an unexpected keyword argument 'duration'
2025-09-11 16:21:11,842 - backendbot - INFO - Error inesperado en _handle_process_monitoring para PID 28548: notify() got an unexpected keyword argument 'duration'
2025-09-11 16:22:12,096 - backendbot - INFO - Error inesperado en _handle_process_monitoring para PID 0: notify() got an unexpected keyword argument 'duration'
2025-09-11 16:22:12,553 - backendbot - INFO - Error inesperado en _handle_process_monitoring para PID 2088: notify() got an unexpected keyword argument 'duration'
2025-09-11 16:22:14,924 - backendbot - INFO - Error inesperado en _handle_process_monitoring para PID 5812: notify() got an unexpected keyword argument 'duration'
2025-09-11 16:22:16,845 - backendbot - INFO - Error inesperado en _handle_process_monitoring para PID 32784: notify() got an unexpected keyword argument 'duration'
2025-09-11 16:22:22,263 - backendbot - INFO - Error inesperado en _handle_process_monitoring para PID 0: notify() got an unexpected keyword argument 'duration'
2025-09-11 16:22:22,886 - backendbot - INFO - Error inesperado en _handle_process_monitoring para PID 2088: notify() got an unexpected keyword argument 'duration'
2025-09-11 16:22:25,578 - backendbot - INFO - Error inesperado en _handle_process_monitoring para PID 5812: notify() got an unexpected keyword argument 'duration'
2025-09-11 16:22:27,535 - backendbot - INFO - Error inesperado en _handle_process_monitoring para PID 32784: notify() got an unexpected keyword argument 'duration'
2025-09-11 16:23:27,933 - backendbot - INFO - Error inesperado en _handle_process_monitoring para PID 0: notify() got an unexpected keyword argument 'duration'
2025-09-11 16:23:30,985 - backendbot - INFO - Error inesperado en _handle_process_monitoring para PID 5812: notify() got an unexpected keyword argument 'duration'
2025-09-11 16:23:33,655 - backendbot - INFO - Error inesperado en _handle_process_monitoring para PID 32784: notify() got an unexpected keyword argument 'duration'
2025-09-11 16:23:39,052 - backendbot - INFO - Error inesperado en _handle_process_monitoring para PID 0: notify() got an unexpected keyword argument 'duration'
2025-09-11 16:23:42,374 - backendbot - INFO - Error inesperado en _handle_process_monitoring para PID 5812: notify() got an unexpected keyword argument 'duration'
2025-09-11 16:23:44,283 - backendbot - INFO - Error inesperado en _handle_process_monitoring para PID 32784: notify() got an unexpected keyword argument 'duration'
2025-09-11 16:24:25,916 - backendbot - INFO - BackendBot iniciado correctamente
2025-09-11 16:24:25,917 - backendbot - INFO - BackendBot iniciado correctamente
2025-09-11 16:24:25,917 - uvicorn.error - INFO - Started server process [45444]
2025-09-11 16:24:25,918 - uvicorn.error - INFO - Waiting for application startup.
2025-09-11 16:24:25,918 - uvicorn.error - INFO - Started server process [49940]
2025-09-11 16:24:25,919 - backendbot - INFO - BackendBot iniciado correctamente
2025-09-11 16:24:25,919 - uvicorn.error - INFO - Waiting for application startup.
2025-09-11 16:24:25,920 - uvicorn.error - INFO - Waiting for application startup.
2025-09-11 16:24:25,927 - backendbot - INFO - BackendBot iniciado correctamente
2025-09-11 16:24:25,928 - backendbot - INFO - BackendBot iniciado correctamente
2025-09-11 16:24:25,928 - uvicorn.error - INFO - Started server process [31260]
2025-09-11 16:24:25,930 - uvicorn.error - INFO - Started server process [30916]
2025-09-11 16:24:25,931 - uvicorn.error - INFO - Waiting for application startup.
2025-09-11 16:24:25,932 - uvicorn.error - INFO - Waiting for application startup.
2025-09-11 16:24:25,942 - backendbot - INFO - BackendBot iniciado correctamente
2025-09-11 16:24:25,944 - uvicorn.error - INFO - Started server process [1872]
2025-09-11 16:24:25,945 - uvicorn.error - INFO - Waiting for application startup.
2025-09-11 16:24:25,949 - backendbot - INFO - BackendBot iniciado correctamente
2025-09-11 16:24:25,949 - uvicorn.error - INFO - Started server process [55276]
2025-09-11 16:24:25,952 - uvicorn.error - INFO - Waiting for application startup.
2025-09-11 16:24:26,106 - backendbot - INFO - BackendBot iniciado correctamente
2025-09-11 16:24:26,108 - uvicorn.error - INFO - Started server process [22464]
2025-09-11 16:24:26,108 - uvicorn.error - INFO - Waiting for application startup.
2025-09-11 16:24:26,752 - uvicorn.error - ERROR - Traceback (most recent call last):
  File "C:\Users\DELL\AppData\Local\Programs\Python\Python312\Lib\site-packages\sqlalchemy\engine\base.py", line 1910, in _execute_context
    self.dialect.do_execute(
  File "C:\Users\DELL\AppData\Local\Programs\Python\Python312\Lib\site-packages\sqlalchemy\engine\default.py", line 736, in do_execute
    cursor.execute(statement, parameters)
  File "C:\Users\DELL\AppData\Local\Programs\Python\Python312\Lib\site-packages\sqlalchemy\dialects\sqlite\aiosqlite.py", line 108, in execute
    self._adapt_connection._handle_exception(error)
  File "C:\Users\DELL\AppData\Local\Programs\Python\Python312\Lib\site-packages\sqlalchemy\dialects\sqlite\aiosqlite.py", line 236, in _handle_exception
    raise error
  File "C:\Users\DELL\AppData\Local\Programs\Python\Python312\Lib\site-packages\sqlalchemy\dialects\sqlite\aiosqlite.py", line 90, in execute
    self.await_(_cursor.execute(operation, parameters))
  File "C:\Users\DELL\AppData\Local\Programs\Python\Python312\Lib\site-packages\sqlalchemy\util\_concurrency_py3k.py", line 70, in await_only
    return current.parent.switch(awaitable)
           ^^^^^^^^^^^^^^^^^^^^^^^^^^^^^^^^
  File "C:\Users\DELL\AppData\Local\Programs\Python\Python312\Lib\site-packages\sqlalchemy\util\_concurrency_py3k.py", line 122, in greenlet_spawn
    value = await result
            ^^^^^^^^^^^^
  File "C:\Users\DELL\AppData\Local\Programs\Python\Python312\Lib\site-packages\aiosqlite\cursor.py", line 40, in execute
    await self._execute(self._cursor.execute, sql, parameters)
  File "C:\Users\DELL\AppData\Local\Programs\Python\Python312\Lib\site-packages\aiosqlite\cursor.py", line 32, in _execute
    return await self._conn._execute(fn, *args, **kwargs)
           ^^^^^^^^^^^^^^^^^^^^^^^^^^^^^^^^^^^^^^^^^^^^^^
  File "C:\Users\DELL\AppData\Local\Programs\Python\Python312\Lib\site-packages\aiosqlite\core.py", line 122, in _execute
    return await future
           ^^^^^^^^^^^^
  File "C:\Users\DELL\AppData\Local\Programs\Python\Python312\Lib\site-packages\aiosqlite\core.py", line 105, in run
    result = function()
             ^^^^^^^^^^
sqlite3.OperationalError: table ai_conversations already exists

The above exception was the direct cause of the following exception:

Traceback (most recent call last):
  File "C:\Users\DELL\AppData\Local\Programs\Python\Python312\Lib\site-packages\starlette\routing.py", line 693, in lifespan
    async with self.lifespan_context(app) as maybe_state:
               ^^^^^^^^^^^^^^^^^^^^^^^^^^
  File "C:\Users\DELL\AppData\Local\Programs\Python\Python312\Lib\contextlib.py", line 210, in __aenter__
    return await anext(self.gen)
           ^^^^^^^^^^^^^^^^^^^^^
  File "C:\Users\DELL\AppData\Local\Programs\Python\Python312\Lib\site-packages\fastapi\routing.py", line 133, in merged_lifespan
    async with original_context(app) as maybe_original_state:
               ^^^^^^^^^^^^^^^^^^^^^
  File "C:\Users\DELL\AppData\Local\Programs\Python\Python312\Lib\contextlib.py", line 210, in __aenter__
    return await anext(self.gen)
           ^^^^^^^^^^^^^^^^^^^^^
  File "C:\Users\DELL\AppData\Local\Programs\Python\Python312\Lib\site-packages\fastapi\routing.py", line 133, in merged_lifespan
    async with original_context(app) as maybe_original_state:
               ^^^^^^^^^^^^^^^^^^^^^
  File "C:\Users\DELL\AppData\Local\Programs\Python\Python312\Lib\site-packages\starlette\routing.py", line 569, in __aenter__
    await self._router.startup()
  File "C:\Users\DELL\AppData\Local\Programs\Python\Python312\Lib\site-packages\starlette\routing.py", line 670, in startup
    await handler()
  File "C:\Users\DELL\Desktop\BackendBot\src\backendbot\main.py", line 25, in on_startup
    await init_db()
  File "C:\Users\DELL\Desktop\BackendBot\src\backendbot\database.py", line 110, in init_db
    await conn.run_sync(Base.metadata.create_all)
  File "C:\Users\DELL\AppData\Local\Programs\Python\Python312\Lib\site-packages\sqlalchemy\ext\asyncio\engine.py", line 548, in run_sync
    return await greenlet_spawn(fn, conn, *arg, **kw)
           ^^^^^^^^^^^^^^^^^^^^^^^^^^^^^^^^^^^^^^^^^^
  File "C:\Users\DELL\AppData\Local\Programs\Python\Python312\Lib\site-packages\sqlalchemy\util\_concurrency_py3k.py", line 127, in greenlet_spawn
    result = context.throw(*sys.exc_info())
             ^^^^^^^^^^^^^^^^^^^^^^^^^^^^^^
  File "C:\Users\DELL\AppData\Local\Programs\Python\Python312\Lib\site-packages\sqlalchemy\sql\schema.py", line 4930, in create_all
    bind._run_ddl_visitor(
  File "C:\Users\DELL\AppData\Local\Programs\Python\Python312\Lib\site-packages\sqlalchemy\engine\base.py", line 2221, in _run_ddl_visitor
    visitorcallable(self.dialect, self, **kwargs).traverse_single(element)
  File "C:\Users\DELL\AppData\Local\Programs\Python\Python312\Lib\site-packages\sqlalchemy\sql\visitors.py", line 524, in traverse_single
    return meth(obj, **kw)
           ^^^^^^^^^^^^^^^
  File "C:\Users\DELL\AppData\Local\Programs\Python\Python312\Lib\site-packages\sqlalchemy\sql\ddl.py", line 855, in visit_metadata
    self.traverse_single(
  File "C:\Users\DELL\AppData\Local\Programs\Python\Python312\Lib\site-packages\sqlalchemy\sql\visitors.py", line 524, in traverse_single
    return meth(obj, **kw)
           ^^^^^^^^^^^^^^^
  File "C:\Users\DELL\AppData\Local\Programs\Python\Python312\Lib\site-packages\sqlalchemy\sql\ddl.py", line 899, in visit_table
    self.connection.execute(
  File "C:\Users\DELL\AppData\Local\Programs\Python\Python312\Lib\site-packages\sqlalchemy\future\engine.py", line 286, in execute
    return self._execute_20(
           ^^^^^^^^^^^^^^^^^
  File "C:\Users\DELL\AppData\Local\Programs\Python\Python312\Lib\site-packages\sqlalchemy\engine\base.py", line 1710, in _execute_20
    return meth(self, args_10style, kwargs_10style, execution_options)
           ^^^^^^^^^^^^^^^^^^^^^^^^^^^^^^^^^^^^^^^^^^^^^^^^^^^^^^^^^^^
  File "C:\Users\DELL\AppData\Local\Programs\Python\Python312\Lib\site-packages\sqlalchemy\sql\ddl.py", line 80, in _execute_on_connection
    return connection._execute_ddl(
           ^^^^^^^^^^^^^^^^^^^^^^^^
  File "C:\Users\DELL\AppData\Local\Programs\Python\Python312\Lib\site-packages\sqlalchemy\engine\base.py", line 1477, in _execute_ddl
    ret = self._execute_context(
          ^^^^^^^^^^^^^^^^^^^^^^
  File "C:\Users\DELL\AppData\Local\Programs\Python\Python312\Lib\site-packages\sqlalchemy\engine\base.py", line 1953, in _execute_context
    self._handle_dbapi_exception(
  File "C:\Users\DELL\AppData\Local\Programs\Python\Python312\Lib\site-packages\sqlalchemy\engine\base.py", line 2134, in _handle_dbapi_exception
    util.raise_(
  File "C:\Users\DELL\AppData\Local\Programs\Python\Python312\Lib\site-packages\sqlalchemy\util\compat.py", line 211, in raise_
    raise exception
  File "C:\Users\DELL\AppData\Local\Programs\Python\Python312\Lib\site-packages\sqlalchemy\engine\base.py", line 1910, in _execute_context
    self.dialect.do_execute(
  File "C:\Users\DELL\AppData\Local\Programs\Python\Python312\Lib\site-packages\sqlalchemy\engine\default.py", line 736, in do_execute
    cursor.execute(statement, parameters)
  File "C:\Users\DELL\AppData\Local\Programs\Python\Python312\Lib\site-packages\sqlalchemy\dialects\sqlite\aiosqlite.py", line 108, in execute
    self._adapt_connection._handle_exception(error)
  File "C:\Users\DELL\AppData\Local\Programs\Python\Python312\Lib\site-packages\sqlalchemy\dialects\sqlite\aiosqlite.py", line 236, in _handle_exception
    raise error
  File "C:\Users\DELL\AppData\Local\Programs\Python\Python312\Lib\site-packages\sqlalchemy\dialects\sqlite\aiosqlite.py", line 90, in execute
    self.await_(_cursor.execute(operation, parameters))
  File "C:\Users\DELL\AppData\Local\Programs\Python\Python312\Lib\site-packages\sqlalchemy\util\_concurrency_py3k.py", line 70, in await_only
    return current.parent.switch(awaitable)
           ^^^^^^^^^^^^^^^^^^^^^^^^^^^^^^^^
  File "C:\Users\DELL\AppData\Local\Programs\Python\Python312\Lib\site-packages\sqlalchemy\util\_concurrency_py3k.py", line 122, in greenlet_spawn
    value = await result
            ^^^^^^^^^^^^
  File "C:\Users\DELL\AppData\Local\Programs\Python\Python312\Lib\site-packages\aiosqlite\cursor.py", line 40, in execute
    await self._execute(self._cursor.execute, sql, parameters)
  File "C:\Users\DELL\AppData\Local\Programs\Python\Python312\Lib\site-packages\aiosqlite\cursor.py", line 32, in _execute
    return await self._conn._execute(fn, *args, **kwargs)
           ^^^^^^^^^^^^^^^^^^^^^^^^^^^^^^^^^^^^^^^^^^^^^^
  File "C:\Users\DELL\AppData\Local\Programs\Python\Python312\Lib\site-packages\aiosqlite\core.py", line 122, in _execute
    return await future
           ^^^^^^^^^^^^
  File "C:\Users\DELL\AppData\Local\Programs\Python\Python312\Lib\site-packages\aiosqlite\core.py", line 105, in run
    result = function()
             ^^^^^^^^^^
sqlalchemy.exc.OperationalError: (sqlite3.OperationalError) table ai_conversations already exists
[SQL: 
CREATE TABLE ai_conversations (
	id VARCHAR NOT NULL, 
	model VARCHAR, 
	created_at DATETIME, 
	updated_at DATETIME, 
	context JSON, 
	PRIMARY KEY (id)
)

]
(Background on this error at: https://sqlalche.me/e/14/e3q8)

2025-09-11 16:24:26,757 - uvicorn.error - ERROR - Application startup failed. Exiting.
2025-09-11 16:24:26,752 - uvicorn.error - ERROR - Traceback (most recent call last):
  File "C:\Users\DELL\AppData\Local\Programs\Python\Python312\Lib\site-packages\sqlalchemy\engine\base.py", line 1910, in _execute_context
    self.dialect.do_execute(
  File "C:\Users\DELL\AppData\Local\Programs\Python\Python312\Lib\site-packages\sqlalchemy\engine\default.py", line 736, in do_execute
    cursor.execute(statement, parameters)
  File "C:\Users\DELL\AppData\Local\Programs\Python\Python312\Lib\site-packages\sqlalchemy\dialects\sqlite\aiosqlite.py", line 108, in execute
    self._adapt_connection._handle_exception(error)
  File "C:\Users\DELL\AppData\Local\Programs\Python\Python312\Lib\site-packages\sqlalchemy\dialects\sqlite\aiosqlite.py", line 236, in _handle_exception
    raise error
  File "C:\Users\DELL\AppData\Local\Programs\Python\Python312\Lib\site-packages\sqlalchemy\dialects\sqlite\aiosqlite.py", line 90, in execute
    self.await_(_cursor.execute(operation, parameters))
  File "C:\Users\DELL\AppData\Local\Programs\Python\Python312\Lib\site-packages\sqlalchemy\util\_concurrency_py3k.py", line 70, in await_only
    return current.parent.switch(awaitable)
           ^^^^^^^^^^^^^^^^^^^^^^^^^^^^^^^^
  File "C:\Users\DELL\AppData\Local\Programs\Python\Python312\Lib\site-packages\sqlalchemy\util\_concurrency_py3k.py", line 122, in greenlet_spawn
    value = await result
            ^^^^^^^^^^^^
  File "C:\Users\DELL\AppData\Local\Programs\Python\Python312\Lib\site-packages\aiosqlite\cursor.py", line 40, in execute
    await self._execute(self._cursor.execute, sql, parameters)
  File "C:\Users\DELL\AppData\Local\Programs\Python\Python312\Lib\site-packages\aiosqlite\cursor.py", line 32, in _execute
    return await self._conn._execute(fn, *args, **kwargs)
           ^^^^^^^^^^^^^^^^^^^^^^^^^^^^^^^^^^^^^^^^^^^^^^
  File "C:\Users\DELL\AppData\Local\Programs\Python\Python312\Lib\site-packages\aiosqlite\core.py", line 122, in _execute
    return await future
           ^^^^^^^^^^^^
  File "C:\Users\DELL\AppData\Local\Programs\Python\Python312\Lib\site-packages\aiosqlite\core.py", line 105, in run
    result = function()
             ^^^^^^^^^^
sqlite3.OperationalError: table ai_conversations already exists

The above exception was the direct cause of the following exception:

Traceback (most recent call last):
  File "C:\Users\DELL\AppData\Local\Programs\Python\Python312\Lib\site-packages\starlette\routing.py", line 693, in lifespan
    async with self.lifespan_context(app) as maybe_state:
               ^^^^^^^^^^^^^^^^^^^^^^^^^^
  File "C:\Users\DELL\AppData\Local\Programs\Python\Python312\Lib\contextlib.py", line 210, in __aenter__
    return await anext(self.gen)
           ^^^^^^^^^^^^^^^^^^^^^
  File "C:\Users\DELL\AppData\Local\Programs\Python\Python312\Lib\site-packages\fastapi\routing.py", line 133, in merged_lifespan
    async with original_context(app) as maybe_original_state:
               ^^^^^^^^^^^^^^^^^^^^^
  File "C:\Users\DELL\AppData\Local\Programs\Python\Python312\Lib\contextlib.py", line 210, in __aenter__
    return await anext(self.gen)
           ^^^^^^^^^^^^^^^^^^^^^
  File "C:\Users\DELL\AppData\Local\Programs\Python\Python312\Lib\site-packages\fastapi\routing.py", line 133, in merged_lifespan
    async with original_context(app) as maybe_original_state:
               ^^^^^^^^^^^^^^^^^^^^^
  File "C:\Users\DELL\AppData\Local\Programs\Python\Python312\Lib\site-packages\starlette\routing.py", line 569, in __aenter__
    await self._router.startup()
  File "C:\Users\DELL\AppData\Local\Programs\Python\Python312\Lib\site-packages\starlette\routing.py", line 670, in startup
    await handler()
  File "C:\Users\DELL\Desktop\BackendBot\src\backendbot\main.py", line 25, in on_startup
    await init_db()
  File "C:\Users\DELL\Desktop\BackendBot\src\backendbot\database.py", line 110, in init_db
    await conn.run_sync(Base.metadata.create_all)
  File "C:\Users\DELL\AppData\Local\Programs\Python\Python312\Lib\site-packages\sqlalchemy\ext\asyncio\engine.py", line 548, in run_sync
    return await greenlet_spawn(fn, conn, *arg, **kw)
           ^^^^^^^^^^^^^^^^^^^^^^^^^^^^^^^^^^^^^^^^^^
  File "C:\Users\DELL\AppData\Local\Programs\Python\Python312\Lib\site-packages\sqlalchemy\util\_concurrency_py3k.py", line 127, in greenlet_spawn
    result = context.throw(*sys.exc_info())
             ^^^^^^^^^^^^^^^^^^^^^^^^^^^^^^
  File "C:\Users\DELL\AppData\Local\Programs\Python\Python312\Lib\site-packages\sqlalchemy\sql\schema.py", line 4930, in create_all
    bind._run_ddl_visitor(
  File "C:\Users\DELL\AppData\Local\Programs\Python\Python312\Lib\site-packages\sqlalchemy\engine\base.py", line 2221, in _run_ddl_visitor
    visitorcallable(self.dialect, self, **kwargs).traverse_single(element)
  File "C:\Users\DELL\AppData\Local\Programs\Python\Python312\Lib\site-packages\sqlalchemy\sql\visitors.py", line 524, in traverse_single
    return meth(obj, **kw)
           ^^^^^^^^^^^^^^^
  File "C:\Users\DELL\AppData\Local\Programs\Python\Python312\Lib\site-packages\sqlalchemy\sql\ddl.py", line 855, in visit_metadata
    self.traverse_single(
  File "C:\Users\DELL\AppData\Local\Programs\Python\Python312\Lib\site-packages\sqlalchemy\sql\visitors.py", line 524, in traverse_single
    return meth(obj, **kw)
           ^^^^^^^^^^^^^^^
  File "C:\Users\DELL\AppData\Local\Programs\Python\Python312\Lib\site-packages\sqlalchemy\sql\ddl.py", line 899, in visit_table
    self.connection.execute(
  File "C:\Users\DELL\AppData\Local\Programs\Python\Python312\Lib\site-packages\sqlalchemy\future\engine.py", line 286, in execute
    return self._execute_20(
           ^^^^^^^^^^^^^^^^^
  File "C:\Users\DELL\AppData\Local\Programs\Python\Python312\Lib\site-packages\sqlalchemy\engine\base.py", line 1710, in _execute_20
    return meth(self, args_10style, kwargs_10style, execution_options)
           ^^^^^^^^^^^^^^^^^^^^^^^^^^^^^^^^^^^^^^^^^^^^^^^^^^^^^^^^^^^
  File "C:\Users\DELL\AppData\Local\Programs\Python\Python312\Lib\site-packages\sqlalchemy\sql\ddl.py", line 80, in _execute_on_connection
    return connection._execute_ddl(
           ^^^^^^^^^^^^^^^^^^^^^^^^
  File "C:\Users\DELL\AppData\Local\Programs\Python\Python312\Lib\site-packages\sqlalchemy\engine\base.py", line 1477, in _execute_ddl
    ret = self._execute_context(
          ^^^^^^^^^^^^^^^^^^^^^^
  File "C:\Users\DELL\AppData\Local\Programs\Python\Python312\Lib\site-packages\sqlalchemy\engine\base.py", line 1953, in _execute_context
    self._handle_dbapi_exception(
  File "C:\Users\DELL\AppData\Local\Programs\Python\Python312\Lib\site-packages\sqlalchemy\engine\base.py", line 2134, in _handle_dbapi_exception
    util.raise_(
  File "C:\Users\DELL\AppData\Local\Programs\Python\Python312\Lib\site-packages\sqlalchemy\util\compat.py", line 211, in raise_
    raise exception
  File "C:\Users\DELL\AppData\Local\Programs\Python\Python312\Lib\site-packages\sqlalchemy\engine\base.py", line 1910, in _execute_context
    self.dialect.do_execute(
  File "C:\Users\DELL\AppData\Local\Programs\Python\Python312\Lib\site-packages\sqlalchemy\engine\default.py", line 736, in do_execute
    cursor.execute(statement, parameters)
  File "C:\Users\DELL\AppData\Local\Programs\Python\Python312\Lib\site-packages\sqlalchemy\dialects\sqlite\aiosqlite.py", line 108, in execute
    self._adapt_connection._handle_exception(error)
  File "C:\Users\DELL\AppData\Local\Programs\Python\Python312\Lib\site-packages\sqlalchemy\dialects\sqlite\aiosqlite.py", line 236, in _handle_exception
    raise error
  File "C:\Users\DELL\AppData\Local\Programs\Python\Python312\Lib\site-packages\sqlalchemy\dialects\sqlite\aiosqlite.py", line 90, in execute
    self.await_(_cursor.execute(operation, parameters))
  File "C:\Users\DELL\AppData\Local\Programs\Python\Python312\Lib\site-packages\sqlalchemy\util\_concurrency_py3k.py", line 70, in await_only
    return current.parent.switch(awaitable)
           ^^^^^^^^^^^^^^^^^^^^^^^^^^^^^^^^
  File "C:\Users\DELL\AppData\Local\Programs\Python\Python312\Lib\site-packages\sqlalchemy\util\_concurrency_py3k.py", line 122, in greenlet_spawn
    value = await result
            ^^^^^^^^^^^^
  File "C:\Users\DELL\AppData\Local\Programs\Python\Python312\Lib\site-packages\aiosqlite\cursor.py", line 40, in execute
    await self._execute(self._cursor.execute, sql, parameters)
  File "C:\Users\DELL\AppData\Local\Programs\Python\Python312\Lib\site-packages\aiosqlite\cursor.py", line 32, in _execute
    return await self._conn._execute(fn, *args, **kwargs)
           ^^^^^^^^^^^^^^^^^^^^^^^^^^^^^^^^^^^^^^^^^^^^^^
  File "C:\Users\DELL\AppData\Local\Programs\Python\Python312\Lib\site-packages\aiosqlite\core.py", line 122, in _execute
    return await future
           ^^^^^^^^^^^^
  File "C:\Users\DELL\AppData\Local\Programs\Python\Python312\Lib\site-packages\aiosqlite\core.py", line 105, in run
    result = function()
             ^^^^^^^^^^
sqlalchemy.exc.OperationalError: (sqlite3.OperationalError) table ai_conversations already exists
[SQL: 
CREATE TABLE ai_conversations (
	id VARCHAR NOT NULL, 
	model VARCHAR, 
	created_at DATETIME, 
	updated_at DATETIME, 
	context JSON, 
	PRIMARY KEY (id)
)

]
(Background on this error at: https://sqlalche.me/e/14/e3q8)

2025-09-11 16:24:26,760 - uvicorn.error - ERROR - Application startup failed. Exiting.
2025-09-11 16:24:29,980 - backendbot - INFO - Staging preview executed: 4 components
2025-09-11 16:24:29,981 - uvicorn.error - INFO - Application startup complete.
2025-09-11 16:24:30,013 - backendbot - INFO - Staging preview executed: 4 components
2025-09-11 16:24:30,015 - uvicorn.error - INFO - Application startup complete.
2025-09-11 16:24:30,043 - backendbot - INFO - Staging preview executed: 4 components
2025-09-11 16:24:30,047 - backendbot - INFO - Staging preview executed: 4 components
2025-09-11 16:24:30,047 - uvicorn.error - INFO - Application startup complete.
2025-09-11 16:24:30,049 - uvicorn.error - INFO - Application startup complete.
2025-09-11 16:24:30,115 - backendbot - INFO - Staging preview executed: 4 components
2025-09-11 16:24:30,118 - uvicorn.error - INFO - Application startup complete.
2025-09-11 16:24:30,123 - backendbot - INFO - Staging preview executed: 4 components
2025-09-11 16:24:30,125 - uvicorn.error - INFO - Application startup complete.
2025-09-11 16:24:32,878 - backendbot - INFO - BackendBot iniciado correctamente
2025-09-11 16:24:32,880 - uvicorn.error - INFO - Started server process [28352]
2025-09-11 16:24:32,880 - uvicorn.error - INFO - Waiting for application startup.
2025-09-11 16:24:34,646 - backendbot - INFO - Staging preview executed: 4 components
2025-09-11 16:24:34,647 - uvicorn.error - INFO - Application startup complete.
2025-09-11 16:24:44,742 - backendbot - INFO - Error inesperado en _handle_process_monitoring para PID 0: notify() got an unexpected keyword argument 'duration'
2025-09-11 16:24:47,045 - backendbot - INFO - Error inesperado en _handle_process_monitoring para PID 5812: notify() got an unexpected keyword argument 'duration'
2025-09-11 16:24:48,835 - backendbot - INFO - Error inesperado en _handle_process_monitoring para PID 28548: notify() got an unexpected keyword argument 'duration'
2025-09-11 16:24:48,885 - backendbot - INFO - Error inesperado en _handle_process_monitoring para PID 32784: notify() got an unexpected keyword argument 'duration'
2025-09-11 16:24:54,270 - backendbot - INFO - Error inesperado en _handle_process_monitoring para PID 0: notify() got an unexpected keyword argument 'duration'
2025-09-11 16:24:56,766 - backendbot - INFO - Error inesperado en _handle_process_monitoring para PID 5812: notify() got an unexpected keyword argument 'duration'
2025-09-11 16:24:58,252 - backendbot - INFO - Error inesperado en _handle_process_monitoring para PID 28548: notify() got an unexpected keyword argument 'duration'
2025-09-11 16:24:58,265 - backendbot - INFO - Error inesperado en _handle_process_monitoring para PID 32784: notify() got an unexpected keyword argument 'duration'
2025-09-11 16:25:46,980 - backendbot - INFO - Error inesperado en _handle_process_monitoring para PID 0: cannot import name 'log_event' from 'src.backendbot.database' (C:\Users\DELL\Desktop\BackendBot\src\backendbot\database.py)
2025-09-11 16:25:58,618 - backendbot - INFO - Error inesperado en _handle_process_monitoring para PID 0: notify() got an unexpected keyword argument 'duration'
2025-09-11 16:26:01,889 - backendbot - INFO - Error inesperado en _handle_process_monitoring para PID 5812: notify() got an unexpected keyword argument 'duration'
2025-09-11 16:26:04,222 - backendbot - INFO - Error inesperado en _handle_process_monitoring para PID 28548: notify() got an unexpected keyword argument 'duration'
2025-09-11 16:26:04,246 - backendbot - INFO - Error inesperado en _handle_process_monitoring para PID 32784: notify() got an unexpected keyword argument 'duration'
2025-09-11 16:26:09,601 - backendbot - INFO - Error inesperado en _handle_process_monitoring para PID 0: notify() got an unexpected keyword argument 'duration'
2025-09-11 16:26:12,699 - backendbot - INFO - Error inesperado en _handle_process_monitoring para PID 5812: notify() got an unexpected keyword argument 'duration'
2025-09-11 16:26:14,486 - backendbot - INFO - Error inesperado en _handle_process_monitoring para PID 28548: notify() got an unexpected keyword argument 'duration'
2025-09-11 16:26:14,502 - backendbot - INFO - Error inesperado en _handle_process_monitoring para PID 32784: notify() got an unexpected keyword argument 'duration'
2025-09-11 16:27:04,323 - backendbot - INFO - Error inesperado en _handle_process_monitoring para PID 0: cannot import name 'log_event' from 'src.backendbot.database' (C:\Users\DELL\Desktop\BackendBot\src\backendbot\database.py)
2025-09-11 16:27:14,911 - backendbot - INFO - Error inesperado en _handle_process_monitoring para PID 0: notify() got an unexpected keyword argument 'duration'
2025-09-11 16:27:18,681 - backendbot - INFO - Error inesperado en _handle_process_monitoring para PID 5812: notify() got an unexpected keyword argument 'duration'
2025-09-11 16:27:21,220 - backendbot - INFO - Error inesperado en _handle_process_monitoring para PID 28548: notify() got an unexpected keyword argument 'duration'
2025-09-11 16:27:21,278 - backendbot - INFO - Error inesperado en _handle_process_monitoring para PID 32784: notify() got an unexpected keyword argument 'duration'
2025-09-11 16:27:29,930 - backendbot - INFO - Error inesperado en _handle_process_monitoring para PID 5812: notify() got an unexpected keyword argument 'duration'
2025-09-11 16:27:31,989 - backendbot - INFO - Error inesperado en _handle_process_monitoring para PID 32784: notify() got an unexpected keyword argument 'duration'
2025-09-11 16:28:22,003 - backendbot - INFO - Error inesperado en _handle_process_monitoring para PID 0: cannot import name 'log_event' from 'src.backendbot.database' (C:\Users\DELL\Desktop\BackendBot\src\backendbot\database.py)
2025-09-11 16:28:34,027 - backendbot - INFO - Error inesperado en _handle_process_monitoring para PID 5812: notify() got an unexpected keyword argument 'duration'
2025-09-11 16:28:34,516 - backendbot - INFO - Error inesperado en _handle_process_monitoring para PID 13412: notify() got an unexpected keyword argument 'duration'
2025-09-11 16:28:35,126 - backendbot - INFO - Error inesperado en _handle_process_monitoring para PID 32784: notify() got an unexpected keyword argument 'duration'
2025-09-11 16:28:35,183 - backendbot - INFO - Error inesperado en _handle_process_monitoring para PID 43532: notify() got an unexpected keyword argument 'duration'
2025-09-11 16:28:41,807 - backendbot - INFO - Error inesperado en _handle_process_monitoring para PID 5812: notify() got an unexpected keyword argument 'duration'
2025-09-11 16:28:42,241 - backendbot - INFO - Error inesperado en _handle_process_monitoring para PID 13412: notify() got an unexpected keyword argument 'duration'
2025-09-11 16:28:42,827 - backendbot - INFO - Error inesperado en _handle_process_monitoring para PID 32784: notify() got an unexpected keyword argument 'duration'
2025-09-11 16:28:42,876 - backendbot - INFO - Error inesperado en _handle_process_monitoring para PID 43532: notify() got an unexpected keyword argument 'duration'
2025-09-11 16:29:37,677 - backendbot - INFO - Error inesperado en _handle_process_monitoring para PID 5812: cannot import name 'log_event' from 'src.backendbot.database' (C:\Users\DELL\Desktop\BackendBot\src\backendbot\database.py)
2025-09-11 16:29:41,365 - backendbot - INFO - Error inesperado en _handle_process_monitoring para PID 39736: cannot import name 'log_event' from 'src.backendbot.database' (C:\Users\DELL\Desktop\BackendBot\src\backendbot\database.py)
2025-09-11 16:29:42,938 - backendbot - INFO - Error inesperado en _handle_process_monitoring para PID 0: notify() got an unexpected keyword argument 'duration'
2025-09-11 16:29:44,455 - backendbot - INFO - Error inesperado en _handle_process_monitoring para PID 5812: notify() got an unexpected keyword argument 'duration'
2025-09-11 16:29:44,915 - backendbot - INFO - Error inesperado en _handle_process_monitoring para PID 13412: notify() got an unexpected keyword argument 'duration'
2025-09-11 16:29:45,466 - backendbot - INFO - Error inesperado en _handle_process_monitoring para PID 32784: notify() got an unexpected keyword argument 'duration'
2025-09-11 16:29:45,540 - backendbot - INFO - Error inesperado en _handle_process_monitoring para PID 43532: notify() got an unexpected keyword argument 'duration'
2025-09-11 16:29:50,715 - backendbot - INFO - Error inesperado en _handle_process_monitoring para PID 0: notify() got an unexpected keyword argument 'duration'
2025-09-11 16:29:52,360 - backendbot - INFO - Error inesperado en _handle_process_monitoring para PID 5812: notify() got an unexpected keyword argument 'duration'
2025-09-11 16:29:53,271 - backendbot - INFO - Error inesperado en _handle_process_monitoring para PID 32784: notify() got an unexpected keyword argument 'duration'
2025-09-11 16:29:53,310 - backendbot - INFO - Error inesperado en _handle_process_monitoring para PID 43532: notify() got an unexpected keyword argument 'duration'
2025-09-11 16:30:22,110 - backendbot - INFO - BackendBot iniciado correctamente
2025-09-11 16:30:22,154 - backendbot - INFO - GPUtil available for GPU monitoring
2025-09-11 16:30:22,155 - backendbot - INFO - WMI available for Windows management
2025-09-11 16:30:22,155 - backendbot - INFO - psutil available for system monitoring
2025-09-11 16:30:22,298 - backendbot - INFO - BackendBot iniciado correctamente
2025-09-11 16:30:51,234 - uvicorn.error - INFO - Shutting down
2025-09-11 16:30:51,298 - uvicorn.error - INFO - Shutting down
2025-09-11 16:30:51,300 - uvicorn.error - INFO - Shutting down
2025-09-11 16:30:51,363 - uvicorn.error - INFO - Waiting for application shutdown.
2025-09-11 16:30:51,356 - uvicorn.error - INFO - Shutting down
2025-09-11 16:30:51,379 - uvicorn.error - INFO - Application shutdown complete.
2025-09-11 16:30:51,384 - uvicorn.error - INFO - Finished server process [30916]
2025-09-11 16:30:51,425 - uvicorn.error - INFO - Waiting for application shutdown.
2025-09-11 16:30:51,427 - uvicorn.error - INFO - Waiting for application shutdown.
2025-09-11 16:30:51,441 - uvicorn.error - INFO - Application shutdown complete.
2025-09-11 16:30:51,448 - uvicorn.error - INFO - Application shutdown complete.
2025-09-11 16:30:51,447 - uvicorn.error - INFO - Finished server process [1872]
2025-09-11 16:30:51,452 - uvicorn.error - INFO - Finished server process [22792]
2025-09-11 16:30:51,489 - uvicorn.error - INFO - Waiting for application shutdown.
2025-09-11 16:30:51,511 - uvicorn.error - INFO - Application shutdown complete.
2025-09-11 16:30:51,513 - uvicorn.error - INFO - Finished server process [22464]
2025-09-11 16:30:51,536 - uvicorn.error - INFO - Shutting down
2025-09-11 16:30:51,623 - uvicorn.error - INFO - Shutting down
2025-09-11 16:30:51,672 - uvicorn.error - INFO - Waiting for application shutdown.
2025-09-11 16:30:51,698 - uvicorn.error - INFO - Application shutdown complete.
2025-09-11 16:30:51,705 - uvicorn.error - INFO - Finished server process [49940]
2025-09-11 16:30:51,770 - uvicorn.error - INFO - Waiting for application shutdown.
2025-09-11 16:30:51,795 - uvicorn.error - INFO - Application shutdown complete.
2025-09-11 16:30:51,801 - uvicorn.error - INFO - Finished server process [55276]
2025-09-11 16:30:52,219 - backendbot - INFO - BackendBot iniciado correctamente
2025-09-11 16:30:52,220 - uvicorn.error - INFO - Started server process [12176]
2025-09-11 16:30:52,221 - uvicorn.error - INFO - Waiting for application startup.
2025-09-11 16:30:52,243 - backendbot - INFO - BackendBot iniciado correctamente
2025-09-11 16:30:52,244 - uvicorn.error - INFO - Started server process [23936]
2025-09-11 16:30:52,245 - uvicorn.error - INFO - Waiting for application startup.
2025-09-11 16:30:55,418 - uvicorn.error - INFO - Shutting down
2025-09-11 16:30:55,584 - uvicorn.error - INFO - Waiting for application shutdown.
2025-09-11 16:30:55,619 - uvicorn.error - INFO - Application shutdown complete.
2025-09-11 16:30:55,627 - uvicorn.error - INFO - Finished server process [28352]
2025-09-11 16:30:56,037 - backendbot - INFO - Staging preview executed: 4 components
2025-09-11 16:30:56,040 - uvicorn.error - INFO - Application startup complete.
2025-09-11 16:30:56,097 - backendbot - INFO - Staging preview executed: 4 components
2025-09-11 16:30:56,100 - uvicorn.error - INFO - Application startup complete.
2025-09-11 16:30:56,973 - backendbot - INFO - BackendBot iniciado correctamente
2025-09-11 16:30:56,973 - uvicorn.error - INFO - Started server process [20596]
2025-09-11 16:30:56,976 - uvicorn.error - INFO - Waiting for application startup.
2025-09-11 16:30:56,981 - backendbot - INFO - BackendBot iniciado correctamente
2025-09-11 16:30:56,981 - uvicorn.error - INFO - Started server process [53156]
2025-09-11 16:30:56,982 - uvicorn.error - INFO - Waiting for application startup.
2025-09-11 16:30:56,997 - backendbot - INFO - BackendBot iniciado correctamente
2025-09-11 16:30:56,997 - uvicorn.error - INFO - Started server process [19068]
2025-09-11 16:30:56,999 - uvicorn.error - INFO - Waiting for application startup.
2025-09-11 16:30:57,028 - backendbot - INFO - BackendBot iniciado correctamente
2025-09-11 16:30:57,030 - uvicorn.error - INFO - Started server process [50632]
2025-09-11 16:30:57,031 - uvicorn.error - INFO - Waiting for application startup.
2025-09-11 16:30:57,346 - backendbot - INFO - BackendBot iniciado correctamente
2025-09-11 16:30:57,348 - uvicorn.error - INFO - Started server process [47652]
2025-09-11 16:30:57,348 - uvicorn.error - INFO - Waiting for application startup.
2025-09-11 16:30:57,458 - backendbot - INFO - BackendBot iniciado correctamente
2025-09-11 16:30:57,461 - uvicorn.error - INFO - Started server process [20120]
2025-09-11 16:30:57,461 - uvicorn.error - INFO - Waiting for application startup.
2025-09-11 16:30:59,080 - backendbot - INFO - BackendBot iniciado correctamente
2025-09-11 16:30:59,135 - httpx - INFO - HTTP Request: GET http://testserver/ "HTTP/1.1 404 Not Found"
2025-09-11 16:30:59,505 - backendbot - INFO - Staging preview executed: 4 components
2025-09-11 16:30:59,507 - uvicorn.error - INFO - Application startup complete.
2025-09-11 16:30:59,590 - backendbot - INFO - Staging preview executed: 4 components
2025-09-11 16:30:59,590 - backendbot - INFO - Staging preview executed: 4 components
2025-09-11 16:30:59,593 - uvicorn.error - INFO - Application startup complete.
2025-09-11 16:30:59,594 - uvicorn.error - INFO - Application startup complete.
2025-09-11 16:30:59,659 - backendbot - INFO - Staging preview executed: 4 components
2025-09-11 16:30:59,667 - uvicorn.error - INFO - Application startup complete.
2025-09-11 16:31:00,092 - backendbot - INFO - Staging preview executed: 4 components
2025-09-11 16:31:00,108 - uvicorn.error - INFO - Application startup complete.
2025-09-11 16:31:00,434 - backendbot - INFO - Staging preview executed: 4 components
2025-09-11 16:31:00,445 - uvicorn.error - INFO - Application startup complete.
2025-09-11 16:31:01,828 - backendbot - INFO - BackendBot iniciado correctamente
2025-09-11 16:31:01,831 - uvicorn.error - INFO - Started server process [38300]
2025-09-11 16:31:01,831 - uvicorn.error - INFO - Waiting for application startup.
2025-09-11 16:31:03,575 - backendbot - INFO - Staging preview executed: 4 components
2025-09-11 16:31:03,579 - uvicorn.error - INFO - Application startup complete.
2025-09-11 16:31:31,781 - uvicorn.error - INFO - Shutting down
2025-09-11 16:31:31,890 - uvicorn.error - INFO - Waiting for application shutdown.
2025-09-11 16:31:31,890 - uvicorn.error - INFO - Application shutdown complete.
2025-09-11 16:31:31,890 - uvicorn.error - INFO - Finished server process [38300]
2025-09-11 16:32:07,204 - backendbot - INFO - Error inesperado en _handle_process_monitoring para PID 4: cannot import name 'log_event' from 'src.backendbot.database' (C:\Users\DELL\Desktop\BackendBot\src\backendbot\database.py)
2025-09-11 16:32:11,175 - backendbot - INFO - Error inesperado en _handle_process_monitoring para PID 5812: cannot import name 'log_event' from 'src.backendbot.database' (C:\Users\DELL\Desktop\BackendBot\src\backendbot\database.py)
2025-09-11 16:32:17,874 - backendbot - INFO - Error inesperado en _handle_process_monitoring para PID 5812: cannot import name 'log_event' from 'src.backendbot.database' (C:\Users\DELL\Desktop\BackendBot\src\backendbot\database.py)
2025-09-11 16:32:21,011 - backendbot - INFO - Error inesperado en _handle_process_monitoring para PID 20316: cannot import name 'log_event' from 'src.backendbot.database' (C:\Users\DELL\Desktop\BackendBot\src\backendbot\database.py)
2025-09-11 16:32:40,889 - uvicorn.error - INFO - Shutting down
2025-09-11 16:32:40,889 - uvicorn.error - INFO - Shutting down
2025-09-11 16:32:40,935 - uvicorn.error - INFO - Shutting down
2025-09-11 16:32:40,935 - uvicorn.error - INFO - Shutting down
2025-09-11 16:32:40,936 - uvicorn.error - INFO - Shutting down
2025-09-11 16:32:40,965 - uvicorn.error - INFO - Shutting down
2025-09-11 16:32:40,981 - uvicorn.error - INFO - Shutting down
2025-09-11 16:32:40,997 - uvicorn.error - INFO - Waiting for application shutdown.
2025-09-11 16:32:40,998 - uvicorn.error - INFO - Waiting for application shutdown.
2025-09-11 16:32:40,997 - uvicorn.error - INFO - Shutting down
2025-09-11 16:32:40,999 - uvicorn.error - INFO - Application shutdown complete.
2025-09-11 16:32:40,999 - uvicorn.error - INFO - Finished server process [19068]
2025-09-11 16:32:41,001 - uvicorn.error - INFO - Application shutdown complete.
2025-09-11 16:32:41,002 - uvicorn.error - INFO - Finished server process [53156]
2025-09-11 16:32:41,043 - uvicorn.error - INFO - Waiting for application shutdown.
2025-09-11 16:32:41,044 - uvicorn.error - INFO - Waiting for application shutdown.
2025-09-11 16:32:41,044 - uvicorn.error - INFO - Waiting for application shutdown.
2025-09-11 16:32:41,045 - uvicorn.error - INFO - Application shutdown complete.
2025-09-11 16:32:41,045 - uvicorn.error - INFO - Finished server process [20120]
2025-09-11 16:32:41,047 - uvicorn.error - INFO - Application shutdown complete.
2025-09-11 16:32:41,047 - uvicorn.error - INFO - Application shutdown complete.
2025-09-11 16:32:41,049 - uvicorn.error - INFO - Finished server process [12176]
2025-09-11 16:32:41,049 - uvicorn.error - INFO - Finished server process [50632]
2025-09-11 16:32:41,074 - uvicorn.error - INFO - Waiting for application shutdown.
2025-09-11 16:32:41,075 - uvicorn.error - INFO - Application shutdown complete.
2025-09-11 16:32:41,076 - uvicorn.error - INFO - Finished server process [47652]
2025-09-11 16:32:41,090 - uvicorn.error - INFO - Waiting for application shutdown.
2025-09-11 16:32:41,093 - uvicorn.error - INFO - Application shutdown complete.
2025-09-11 16:32:41,094 - uvicorn.error - INFO - Finished server process [23936]
2025-09-11 16:32:41,106 - uvicorn.error - INFO - Waiting for application shutdown.
2025-09-11 16:32:41,110 - uvicorn.error - INFO - Application shutdown complete.
2025-09-11 16:32:41,112 - uvicorn.error - INFO - Finished server process [20596]
2025-09-11 16:32:44,936 - backendbot - INFO - BackendBot iniciado correctamente
2025-09-11 16:32:45,029 - backendbot - INFO - GPUtil available for GPU monitoring
2025-09-11 16:32:45,030 - backendbot - INFO - WMI available for Windows management
2025-09-11 16:32:45,030 - backendbot - INFO - psutil available for system monitoring
2025-09-11 16:32:46,042 - backendbot - INFO - BackendBot iniciado correctamente
2025-09-11 16:32:46,652 - httpx - INFO - HTTP Request: GET http://testserver/ai/status "HTTP/1.1 200 OK"
2025-09-11 16:32:46,675 - httpx - INFO - HTTP Request: GET http://testserver/ai/status "HTTP/1.1 200 OK"
2025-09-11 16:32:46,696 - httpx - INFO - HTTP Request: POST http://testserver/ai/conversation?model=llama2%3A7b&system_prompt=You+are+helpful "HTTP/1.1 200 OK"
2025-09-11 16:32:46,718 - httpx - INFO - HTTP Request: POST http://testserver/ai/conversation "HTTP/1.1 500 Internal Server Error"
2025-09-11 16:32:47,690 - httpx - INFO - HTTP Request: POST http://testserver/ai/conversation/conv_123/message "HTTP/1.1 422 Unprocessable Entity"
2025-09-11 16:32:47,784 - httpx - INFO - HTTP Request: POST http://testserver/ai/conversation/conv_123/message "HTTP/1.1 422 Unprocessable Entity"
2025-09-11 16:32:47,818 - httpx - INFO - HTTP Request: GET http://testserver/ai/conversations "HTTP/1.1 500 Internal Server Error"
2025-09-11 16:32:47,847 - httpx - INFO - HTTP Request: GET http://testserver/ai/conversation/conv_123 "HTTP/1.1 500 Internal Server Error"
2025-09-11 16:32:47,894 - httpx - INFO - HTTP Request: GET http://testserver/ai/conversation/nonexistent "HTTP/1.1 404 Not Found"
2025-09-11 16:32:47,913 - httpx - INFO - HTTP Request: POST http://testserver/ai/analyze-system "HTTP/1.1 200 OK"
2025-09-11 16:32:47,937 - httpx - INFO - HTTP Request: POST http://testserver/ai/analyze-system "HTTP/1.1 500 Internal Server Error"
2025-09-11 16:32:47,974 - httpx - INFO - HTTP Request: POST http://testserver/ai/agent "HTTP/1.1 422 Unprocessable Entity"
2025-09-11 16:32:48,020 - httpx - INFO - HTTP Request: POST http://testserver/ai/agent "HTTP/1.1 422 Unprocessable Entity"
2025-09-11 16:32:48,061 - httpx - INFO - HTTP Request: GET http://testserver/ai/agents "HTTP/1.1 200 OK"
2025-09-11 16:32:48,077 - httpx - INFO - HTTP Request: POST http://testserver/ai/agent/test_agent/task "HTTP/1.1 422 Unprocessable Entity"
2025-09-11 16:32:48,114 - httpx - INFO - HTTP Request: POST http://testserver/ai/agent/test_agent/task "HTTP/1.1 422 Unprocessable Entity"
2025-09-11 16:32:48,260 - httpx - INFO - HTTP Request: DELETE http://testserver/ai/conversation/conv_123 "HTTP/1.1 200 OK"
2025-09-11 16:32:48,283 - httpx - INFO - HTTP Request: DELETE http://testserver/ai/conversation/nonexistent "HTTP/1.1 404 Not Found"
2025-09-11 16:32:48,296 - httpx - INFO - HTTP Request: DELETE http://testserver/ai/agent/test_agent "HTTP/1.1 200 OK"
2025-09-11 16:32:48,312 - httpx - INFO - HTTP Request: DELETE http://testserver/ai/agent/nonexistent "HTTP/1.1 404 Not Found"
2025-09-11 16:32:48,344 - httpx - INFO - HTTP Request: GET http://testserver/ai/status "HTTP/1.1 500 Internal Server Error"
2025-09-11 16:32:48,363 - httpx - INFO - HTTP Request: POST http://testserver/ai/conversation "HTTP/1.1 500 Internal Server Error"
2025-09-11 16:32:48,410 - backendbot - INFO - Error conectando con Ollama: Connection failed
2025-09-11 16:32:48,448 - asyncio - ERROR - Unclosed client session
client_session: <aiohttp.client.ClientSession object at 0x000001E7D0C4E000>
2025-09-11 16:32:48,487 - asyncio - ERROR - Unclosed client session
client_session: <aiohttp.client.ClientSession object at 0x000001E7D0D54470>
2025-09-11 16:32:48,487 - asyncio - ERROR - Unclosed client session
client_session: <aiohttp.client.ClientSession object at 0x000001E7D1E34230>
2025-09-11 16:32:51,354 - backendbot - INFO - BackendBot iniciado correctamente
2025-09-11 16:32:51,363 - uvicorn.error - INFO - Started server process [44104]
2025-09-11 16:32:51,365 - uvicorn.error - INFO - Waiting for application startup.
2025-09-11 16:32:51,383 - backendbot - INFO - BackendBot iniciado correctamente
2025-09-11 16:32:51,391 - uvicorn.error - INFO - Started server process [45004]
2025-09-11 16:32:51,400 - uvicorn.error - INFO - Waiting for application startup.
2025-09-11 16:32:51,554 - backendbot - INFO - BackendBot iniciado correctamente
2025-09-11 16:32:51,564 - uvicorn.error - INFO - Started server process [40308]
2025-09-11 16:32:51,565 - uvicorn.error - INFO - Waiting for application startup.
2025-09-11 16:32:51,677 - backendbot - INFO - BackendBot iniciado correctamente
2025-09-11 16:32:51,682 - uvicorn.error - INFO - Started server process [27924]
2025-09-11 16:32:51,686 - uvicorn.error - INFO - Waiting for application startup.
2025-09-11 16:32:52,156 - backendbot - INFO - BackendBot iniciado correctamente
2025-09-11 16:32:52,160 - uvicorn.error - INFO - Started server process [34180]
2025-09-11 16:32:52,166 - uvicorn.error - INFO - Waiting for application startup.
2025-09-11 16:32:52,295 - backendbot - INFO - BackendBot iniciado correctamente
2025-09-11 16:32:52,301 - uvicorn.error - INFO - Started server process [12100]
2025-09-11 16:32:52,318 - uvicorn.error - INFO - Waiting for application startup.
2025-09-11 16:32:52,415 - backendbot - INFO - BackendBot iniciado correctamente
2025-09-11 16:32:52,420 - uvicorn.error - INFO - Started server process [28512]
2025-09-11 16:32:52,427 - uvicorn.error - INFO - Waiting for application startup.
2025-09-11 16:32:52,503 - backendbot - INFO - BackendBot iniciado correctamente
2025-09-11 16:32:52,504 - uvicorn.error - INFO - Started server process [47224]
2025-09-11 16:32:52,506 - uvicorn.error - INFO - Waiting for application startup.
2025-09-11 16:32:53,714 - httpx - INFO - HTTP Request: GET http://testserver/ "HTTP/1.1 200 OK"
2025-09-11 16:32:53,737 - httpx - INFO - HTTP Request: GET http://testserver/ "HTTP/1.1 200 OK"
2025-09-11 16:32:53,756 - httpx - INFO - HTTP Request: GET http://testserver/ "HTTP/1.1 200 OK"
2025-09-11 16:32:53,775 - httpx - INFO - HTTP Request: GET http://testserver/ "HTTP/1.1 200 OK"
2025-09-11 16:32:53,790 - httpx - INFO - HTTP Request: GET http://testserver/ "HTTP/1.1 200 OK"
2025-09-11 16:32:53,815 - httpx - INFO - HTTP Request: GET http://testserver/docs "HTTP/1.1 200 OK"
2025-09-11 16:32:53,822 - httpx - INFO - HTTP Request: GET http://testserver/ "HTTP/1.1 200 OK"
2025-09-11 16:32:53,839 - httpx - INFO - HTTP Request: GET http://testserver/ "HTTP/1.1 200 OK"
2025-09-11 16:32:53,853 - httpx - INFO - HTTP Request: GET http://testserver/system "HTTP/1.1 404 Not Found"
2025-09-11 16:32:53,868 - httpx - INFO - HTTP Request: GET http://testserver/ "HTTP/1.1 200 OK"
2025-09-11 16:32:53,871 - httpx - INFO - HTTP Request: GET http://testserver/ "HTTP/1.1 200 OK"
2025-09-11 16:32:53,875 - httpx - INFO - HTTP Request: GET http://testserver/ "HTTP/1.1 200 OK"
2025-09-11 16:32:53,879 - httpx - INFO - HTTP Request: GET http://testserver/ "HTTP/1.1 200 OK"
2025-09-11 16:32:53,882 - httpx - INFO - HTTP Request: GET http://testserver/ "HTTP/1.1 200 OK"
2025-09-11 16:32:53,886 - httpx - INFO - HTTP Request: GET http://testserver/ "HTTP/1.1 200 OK"
2025-09-11 16:32:53,889 - httpx - INFO - HTTP Request: GET http://testserver/ "HTTP/1.1 200 OK"
2025-09-11 16:32:53,893 - httpx - INFO - HTTP Request: GET http://testserver/ "HTTP/1.1 200 OK"
2025-09-11 16:32:53,897 - httpx - INFO - HTTP Request: GET http://testserver/ "HTTP/1.1 200 OK"
2025-09-11 16:32:53,901 - httpx - INFO - HTTP Request: GET http://testserver/ "HTTP/1.1 200 OK"
2025-09-11 16:32:53,904 - httpx - INFO - HTTP Request: GET http://testserver/ "HTTP/1.1 200 OK"
2025-09-11 16:32:53,918 - httpx - INFO - HTTP Request: GET http://testserver/nonexistent "HTTP/1.1 404 Not Found"
2025-09-11 16:32:53,925 - httpx - INFO - HTTP Request: POST http://testserver/ "HTTP/1.1 405 Method Not Allowed"
2025-09-11 16:32:53,932 - httpx - INFO - HTTP Request: GET http://testserver/ "HTTP/1.1 200 OK"
2025-09-11 16:32:56,635 - backendbot - INFO - Staging preview executed: 4 components
2025-09-11 16:32:56,639 - uvicorn.error - INFO - Application startup complete.
2025-09-11 16:32:56,690 - backendbot - INFO - Staging preview executed: 4 components
2025-09-11 16:32:56,693 - uvicorn.error - INFO - Application startup complete.
2025-09-11 16:32:56,696 - backendbot - INFO - BackendBot iniciado correctamente
2025-09-11 16:32:56,706 - backendbot - INFO - Staging preview executed: 4 components
2025-09-11 16:32:56,708 - uvicorn.error - INFO - Application startup complete.
2025-09-11 16:32:56,716 - backendbot - INFO - Staging preview executed: 4 components
2025-09-11 16:32:56,723 - uvicorn.error - INFO - Application startup complete.
2025-09-11 16:32:56,736 - backendbot - INFO - Staging preview executed: 4 components
2025-09-11 16:32:56,740 - backendbot - INFO - Staging preview executed: 4 components
2025-09-11 16:32:56,741 - uvicorn.error - INFO - Application startup complete.
2025-09-11 16:32:56,743 - uvicorn.error - INFO - Application startup complete.
2025-09-11 16:32:56,806 - backendbot - INFO - Staging preview executed: 4 components
2025-09-11 16:32:56,808 - backendbot - INFO - Staging preview executed: 4 components
2025-09-11 16:32:56,810 - uvicorn.error - INFO - Application startup complete.
2025-09-11 16:32:56,813 - uvicorn.error - INFO - Application startup complete.
2025-09-11 16:32:56,816 - httpx - INFO - HTTP Request: GET http://testserver/ "HTTP/1.1 200 OK"
2025-09-11 16:32:56,823 - httpx - INFO - HTTP Request: GET http://testserver/ "HTTP/1.1 200 OK"
2025-09-11 16:32:56,831 - httpx - INFO - HTTP Request: GET http://testserver/ "HTTP/1.1 200 OK"
2025-09-11 16:32:56,836 - httpx - INFO - HTTP Request: GET http://testserver/ "HTTP/1.1 200 OK"
2025-09-11 16:32:56,876 - httpx - INFO - HTTP Request: GET http://testserver/ "HTTP/1.1 200 OK"
2025-09-11 16:32:56,893 - httpx - INFO - HTTP Request: GET http://testserver/ "HTTP/1.1 200 OK"
2025-09-11 16:32:56,900 - httpx - INFO - HTTP Request: GET http://testserver/ "HTTP/1.1 200 OK"
2025-09-11 16:32:56,908 - httpx - INFO - HTTP Request: GET http://testserver/ "HTTP/1.1 200 OK"
2025-09-11 16:32:56,917 - httpx - INFO - HTTP Request: GET http://testserver/ "HTTP/1.1 200 OK"
2025-09-11 16:32:56,925 - httpx - INFO - HTTP Request: GET http://testserver/ "HTTP/1.1 200 OK"
2025-09-11 16:32:56,934 - httpx - INFO - HTTP Request: GET http://testserver/ "HTTP/1.1 200 OK"
2025-09-11 16:32:57,918 - backendbot - INFO - NOTIFICATION: Test message - Test Title
2025-09-11 16:32:58,141 - backendbot - INFO - Log message
1969-12-31 18:01:40,000 - asyncio - ERROR - Unclosed client session
client_session: <aiohttp.client.ClientSession object at 0x000001E7D1E59100>
2025-09-11 16:33:06,189 - uvicorn.error - INFO - Shutting down
2025-09-11 16:33:06,189 - uvicorn.error - INFO - Shutting down
2025-09-11 16:33:06,189 - uvicorn.error - INFO - Shutting down
2025-09-11 16:33:06,293 - uvicorn.error - INFO - Waiting for application shutdown.
2025-09-11 16:33:06,293 - uvicorn.error - INFO - Waiting for application shutdown.
2025-09-11 16:33:06,293 - uvicorn.error - INFO - Application shutdown complete.
2025-09-11 16:33:06,293 - uvicorn.error - INFO - Application shutdown complete.
2025-09-11 16:33:06,295 - uvicorn.error - INFO - Finished server process [12100]
2025-09-11 16:33:06,295 - uvicorn.error - INFO - Finished server process [27924]
2025-09-11 16:33:06,295 - uvicorn.error - INFO - Shutting down
2025-09-11 16:33:06,347 - uvicorn.error - INFO - Shutting down
2025-09-11 16:33:06,347 - uvicorn.error - INFO - Shutting down
2025-09-11 16:33:06,389 - uvicorn.error - INFO - Shutting down
2025-09-11 16:33:06,396 - uvicorn.error - INFO - Shutting down
2025-09-11 16:33:06,402 - uvicorn.error - INFO - Waiting for application shutdown.
2025-09-11 16:33:06,403 - uvicorn.error - INFO - Application shutdown complete.
2025-09-11 16:33:06,403 - uvicorn.error - INFO - Finished server process [45004]
2025-09-11 16:33:06,462 - uvicorn.error - INFO - Waiting for application shutdown.
2025-09-11 16:33:06,463 - uvicorn.error - INFO - Application shutdown complete.
2025-09-11 16:33:06,463 - uvicorn.error - INFO - Application shutdown complete.
2025-09-11 16:33:06,463 - uvicorn.error - INFO - Finished server process [47224]
2025-09-11 16:33:06,463 - uvicorn.error - INFO - Finished server process [34180]
2025-09-11 16:33:06,494 - uvicorn.error - INFO - Waiting for application shutdown.
2025-09-11 16:33:06,495 - uvicorn.error - INFO - Application shutdown complete.
2025-09-11 16:33:06,496 - uvicorn.error - INFO - Finished server process [44104]
2025-09-11 16:33:06,510 - uvicorn.error - INFO - Waiting for application shutdown.
2025-09-11 16:33:06,512 - uvicorn.error - INFO - Application shutdown complete.
2025-09-11 16:33:06,513 - uvicorn.error - INFO - Finished server process [28512]
2025-09-11 16:33:10,621 - backendbot - INFO - BackendBot iniciado correctamente
2025-09-11 16:33:10,621 - uvicorn.error - INFO - Started server process [28824]
2025-09-11 16:33:10,622 - uvicorn.error - INFO - Waiting for application startup.
2025-09-11 16:33:10,648 - backendbot - INFO - BackendBot iniciado correctamente
2025-09-11 16:33:10,648 - uvicorn.error - INFO - Started server process [32596]
2025-09-11 16:33:10,648 - uvicorn.error - INFO - Waiting for application startup.
2025-09-11 16:33:10,665 - backendbot - INFO - BackendBot iniciado correctamente
2025-09-11 16:33:10,666 - uvicorn.error - INFO - Started server process [21784]
2025-09-11 16:33:10,667 - uvicorn.error - INFO - Waiting for application startup.
2025-09-11 16:33:10,701 - backendbot - INFO - BackendBot iniciado correctamente
2025-09-11 16:33:10,702 - uvicorn.error - INFO - Started server process [22356]
2025-09-11 16:33:10,703 - uvicorn.error - INFO - Waiting for application startup.
2025-09-11 16:33:10,707 - backendbot - INFO - BackendBot iniciado correctamente
2025-09-11 16:33:10,708 - backendbot - INFO - BackendBot iniciado correctamente
2025-09-11 16:33:10,709 - uvicorn.error - INFO - Waiting for application startup.
2025-09-11 16:33:10,709 - uvicorn.error - INFO - Started server process [4676]
2025-09-11 16:33:10,710 - uvicorn.error - INFO - Waiting for application startup.
2025-09-11 16:33:10,717 - backendbot - INFO - BackendBot iniciado correctamente
2025-09-11 16:33:10,718 - uvicorn.error - INFO - Started server process [2656]
2025-09-11 16:33:10,718 - uvicorn.error - INFO - Waiting for application startup.
2025-09-11 16:33:10,769 - backendbot - INFO - BackendBot iniciado correctamente
2025-09-11 16:33:10,770 - uvicorn.error - INFO - Started server process [50608]
2025-09-11 16:33:10,770 - uvicorn.error - INFO - Waiting for application startup.
2025-09-11 16:33:12,845 - backendbot - INFO - Staging preview executed: 4 components
2025-09-11 16:33:12,847 - uvicorn.error - INFO - Application startup complete.
2025-09-11 16:33:12,856 - backendbot - INFO - Staging preview executed: 4 components
2025-09-11 16:33:12,857 - uvicorn.error - INFO - Application startup complete.
2025-09-11 16:33:12,872 - backendbot - INFO - Staging preview executed: 4 components
2025-09-11 16:33:12,874 - uvicorn.error - INFO - Application startup complete.
2025-09-11 16:33:12,889 - backendbot - INFO - Staging preview executed: 4 components
2025-09-11 16:33:12,892 - uvicorn.error - INFO - Application startup complete.
2025-09-11 16:33:12,905 - backendbot - INFO - Staging preview executed: 4 components
2025-09-11 16:33:12,907 - uvicorn.error - INFO - Application startup complete.
2025-09-11 16:33:12,910 - backendbot - INFO - Staging preview executed: 4 components
2025-09-11 16:33:12,913 - uvicorn.error - INFO - Application startup complete.
2025-09-11 16:33:12,922 - uvicorn.error - ERROR - Traceback (most recent call last):
  File "C:\Users\DELL\AppData\Local\Programs\Python\Python312\Lib\asyncio\runners.py", line 118, in run
    return self._loop.run_until_complete(task)
           ^^^^^^^^^^^^^^^^^^^^^^^^^^^^^^^^^^^
  File "C:\Users\DELL\AppData\Local\Programs\Python\Python312\Lib\asyncio\base_events.py", line 691, in run_until_complete
    return future.result()
           ^^^^^^^^^^^^^^^
asyncio.exceptions.CancelledError

During handling of the above exception, another exception occurred:

Traceback (most recent call last):
  File "C:\Users\DELL\AppData\Local\Programs\Python\Python312\Lib\asyncio\runners.py", line 195, in run
    return runner.run(main)
           ^^^^^^^^^^^^^^^^
  File "C:\Users\DELL\AppData\Local\Programs\Python\Python312\Lib\asyncio\runners.py", line 123, in run
    raise KeyboardInterrupt()
KeyboardInterrupt

During handling of the above exception, another exception occurred:

Traceback (most recent call last):
  File "C:\Users\DELL\AppData\Local\Programs\Python\Python312\Lib\site-packages\starlette\routing.py", line 700, in lifespan
    await receive()
  File "C:\Users\DELL\AppData\Local\Programs\Python\Python312\Lib\site-packages\uvicorn\lifespan\on.py", line 137, in receive
    return await self.receive_queue.get()
           ^^^^^^^^^^^^^^^^^^^^^^^^^^^^^^
  File "C:\Users\DELL\AppData\Local\Programs\Python\Python312\Lib\asyncio\queues.py", line 158, in get
    await getter
asyncio.exceptions.CancelledError

2025-09-11 16:33:12,922 - uvicorn.error - ERROR - Traceback (most recent call last):
  File "C:\Users\DELL\AppData\Local\Programs\Python\Python312\Lib\asyncio\runners.py", line 118, in run
    return self._loop.run_until_complete(task)
           ^^^^^^^^^^^^^^^^^^^^^^^^^^^^^^^^^^^
  File "C:\Users\DELL\AppData\Local\Programs\Python\Python312\Lib\asyncio\base_events.py", line 691, in run_until_complete
    return future.result()
           ^^^^^^^^^^^^^^^
asyncio.exceptions.CancelledError

During handling of the above exception, another exception occurred:

Traceback (most recent call last):
  File "C:\Users\DELL\AppData\Local\Programs\Python\Python312\Lib\asyncio\runners.py", line 195, in run
    return runner.run(main)
           ^^^^^^^^^^^^^^^^
  File "C:\Users\DELL\AppData\Local\Programs\Python\Python312\Lib\asyncio\runners.py", line 123, in run
    raise KeyboardInterrupt()
KeyboardInterrupt

During handling of the above exception, another exception occurred:

Traceback (most recent call last):
  File "C:\Users\DELL\AppData\Local\Programs\Python\Python312\Lib\site-packages\starlette\routing.py", line 700, in lifespan
    await receive()
  File "C:\Users\DELL\AppData\Local\Programs\Python\Python312\Lib\site-packages\uvicorn\lifespan\on.py", line 137, in receive
    return await self.receive_queue.get()
           ^^^^^^^^^^^^^^^^^^^^^^^^^^^^^^
  File "C:\Users\DELL\AppData\Local\Programs\Python\Python312\Lib\asyncio\queues.py", line 158, in get
    await getter
asyncio.exceptions.CancelledError

2025-09-11 16:33:12,922 - uvicorn.error - ERROR - Traceback (most recent call last):
  File "C:\Users\DELL\AppData\Local\Programs\Python\Python312\Lib\asyncio\runners.py", line 118, in run
    return self._loop.run_until_complete(task)
           ^^^^^^^^^^^^^^^^^^^^^^^^^^^^^^^^^^^
  File "C:\Users\DELL\AppData\Local\Programs\Python\Python312\Lib\asyncio\base_events.py", line 691, in run_until_complete
    return future.result()
           ^^^^^^^^^^^^^^^
asyncio.exceptions.CancelledError

During handling of the above exception, another exception occurred:

Traceback (most recent call last):
  File "C:\Users\DELL\AppData\Local\Programs\Python\Python312\Lib\asyncio\runners.py", line 195, in run
    return runner.run(main)
           ^^^^^^^^^^^^^^^^
  File "C:\Users\DELL\AppData\Local\Programs\Python\Python312\Lib\asyncio\runners.py", line 123, in run
    raise KeyboardInterrupt()
KeyboardInterrupt

During handling of the above exception, another exception occurred:

Traceback (most recent call last):
  File "C:\Users\DELL\AppData\Local\Programs\Python\Python312\Lib\site-packages\starlette\routing.py", line 700, in lifespan
    await receive()
  File "C:\Users\DELL\AppData\Local\Programs\Python\Python312\Lib\site-packages\uvicorn\lifespan\on.py", line 137, in receive
    return await self.receive_queue.get()
           ^^^^^^^^^^^^^^^^^^^^^^^^^^^^^^
  File "C:\Users\DELL\AppData\Local\Programs\Python\Python312\Lib\asyncio\queues.py", line 158, in get
    await getter
asyncio.exceptions.CancelledError

2025-09-11 16:33:12,923 - uvicorn.error - ERROR - Traceback (most recent call last):
  File "C:\Users\DELL\AppData\Local\Programs\Python\Python312\Lib\asyncio\runners.py", line 118, in run
    return self._loop.run_until_complete(task)
           ^^^^^^^^^^^^^^^^^^^^^^^^^^^^^^^^^^^
  File "C:\Users\DELL\AppData\Local\Programs\Python\Python312\Lib\asyncio\base_events.py", line 691, in run_until_complete
    return future.result()
           ^^^^^^^^^^^^^^^
asyncio.exceptions.CancelledError

During handling of the above exception, another exception occurred:

Traceback (most recent call last):
  File "C:\Users\DELL\AppData\Local\Programs\Python\Python312\Lib\asyncio\runners.py", line 195, in run
    return runner.run(main)
           ^^^^^^^^^^^^^^^^
  File "C:\Users\DELL\AppData\Local\Programs\Python\Python312\Lib\asyncio\runners.py", line 123, in run
    raise KeyboardInterrupt()
KeyboardInterrupt

During handling of the above exception, another exception occurred:

Traceback (most recent call last):
  File "C:\Users\DELL\AppData\Local\Programs\Python\Python312\Lib\site-packages\starlette\routing.py", line 700, in lifespan
    await receive()
  File "C:\Users\DELL\AppData\Local\Programs\Python\Python312\Lib\site-packages\uvicorn\lifespan\on.py", line 137, in receive
    return await self.receive_queue.get()
           ^^^^^^^^^^^^^^^^^^^^^^^^^^^^^^
  File "C:\Users\DELL\AppData\Local\Programs\Python\Python312\Lib\asyncio\queues.py", line 158, in get
    await getter
asyncio.exceptions.CancelledError

2025-09-11 16:33:12,922 - uvicorn.error - ERROR - Traceback (most recent call last):
  File "C:\Users\DELL\AppData\Local\Programs\Python\Python312\Lib\asyncio\runners.py", line 118, in run
    return self._loop.run_until_complete(task)
           ^^^^^^^^^^^^^^^^^^^^^^^^^^^^^^^^^^^
  File "C:\Users\DELL\AppData\Local\Programs\Python\Python312\Lib\asyncio\base_events.py", line 691, in run_until_complete
    return future.result()
           ^^^^^^^^^^^^^^^
asyncio.exceptions.CancelledError

During handling of the above exception, another exception occurred:

Traceback (most recent call last):
  File "C:\Users\DELL\AppData\Local\Programs\Python\Python312\Lib\asyncio\runners.py", line 195, in run
    return runner.run(main)
           ^^^^^^^^^^^^^^^^
  File "C:\Users\DELL\AppData\Local\Programs\Python\Python312\Lib\asyncio\runners.py", line 123, in run
    raise KeyboardInterrupt()
KeyboardInterrupt

During handling of the above exception, another exception occurred:

Traceback (most recent call last):
  File "C:\Users\DELL\AppData\Local\Programs\Python\Python312\Lib\site-packages\starlette\routing.py", line 700, in lifespan
    await receive()
  File "C:\Users\DELL\AppData\Local\Programs\Python\Python312\Lib\site-packages\uvicorn\lifespan\on.py", line 137, in receive
    return await self.receive_queue.get()
           ^^^^^^^^^^^^^^^^^^^^^^^^^^^^^^
  File "C:\Users\DELL\AppData\Local\Programs\Python\Python312\Lib\asyncio\queues.py", line 158, in get
    await getter
asyncio.exceptions.CancelledError

2025-09-11 16:33:12,958 - backendbot - INFO - Staging preview executed: 4 components
2025-09-11 16:33:12,962 - uvicorn.error - INFO - Application startup complete.
2025-09-11 16:33:12,963 - backendbot - INFO - Staging preview executed: 4 components
2025-09-11 16:33:12,968 - uvicorn.error - INFO - Application startup complete.
2025-09-11 16:33:12,971 - uvicorn.error - ERROR - Traceback (most recent call last):
  File "C:\Users\DELL\AppData\Local\Programs\Python\Python312\Lib\asyncio\runners.py", line 118, in run
    return self._loop.run_until_complete(task)
           ^^^^^^^^^^^^^^^^^^^^^^^^^^^^^^^^^^^
  File "C:\Users\DELL\AppData\Local\Programs\Python\Python312\Lib\asyncio\base_events.py", line 691, in run_until_complete
    return future.result()
           ^^^^^^^^^^^^^^^
asyncio.exceptions.CancelledError

During handling of the above exception, another exception occurred:

Traceback (most recent call last):
  File "C:\Users\DELL\AppData\Local\Programs\Python\Python312\Lib\asyncio\runners.py", line 195, in run
    return runner.run(main)
           ^^^^^^^^^^^^^^^^
  File "C:\Users\DELL\AppData\Local\Programs\Python\Python312\Lib\asyncio\runners.py", line 123, in run
    raise KeyboardInterrupt()
KeyboardInterrupt

During handling of the above exception, another exception occurred:

Traceback (most recent call last):
  File "C:\Users\DELL\AppData\Local\Programs\Python\Python312\Lib\site-packages\starlette\routing.py", line 700, in lifespan
    await receive()
  File "C:\Users\DELL\AppData\Local\Programs\Python\Python312\Lib\site-packages\uvicorn\lifespan\on.py", line 137, in receive
    return await self.receive_queue.get()
           ^^^^^^^^^^^^^^^^^^^^^^^^^^^^^^
  File "C:\Users\DELL\AppData\Local\Programs\Python\Python312\Lib\asyncio\queues.py", line 158, in get
    await getter
asyncio.exceptions.CancelledError

2025-09-11 16:33:12,973 - uvicorn.error - ERROR - Traceback (most recent call last):
  File "C:\Users\DELL\AppData\Local\Programs\Python\Python312\Lib\asyncio\runners.py", line 118, in run
    return self._loop.run_until_complete(task)
           ^^^^^^^^^^^^^^^^^^^^^^^^^^^^^^^^^^^
  File "C:\Users\DELL\AppData\Local\Programs\Python\Python312\Lib\asyncio\base_events.py", line 691, in run_until_complete
    return future.result()
           ^^^^^^^^^^^^^^^
asyncio.exceptions.CancelledError

During handling of the above exception, another exception occurred:

Traceback (most recent call last):
  File "C:\Users\DELL\AppData\Local\Programs\Python\Python312\Lib\asyncio\runners.py", line 195, in run
    return runner.run(main)
           ^^^^^^^^^^^^^^^^
  File "C:\Users\DELL\AppData\Local\Programs\Python\Python312\Lib\asyncio\runners.py", line 123, in run
    raise KeyboardInterrupt()
KeyboardInterrupt

During handling of the above exception, another exception occurred:

Traceback (most recent call last):
  File "C:\Users\DELL\AppData\Local\Programs\Python\Python312\Lib\site-packages\starlette\routing.py", line 700, in lifespan
    await receive()
  File "C:\Users\DELL\AppData\Local\Programs\Python\Python312\Lib\site-packages\uvicorn\lifespan\on.py", line 137, in receive
    return await self.receive_queue.get()
           ^^^^^^^^^^^^^^^^^^^^^^^^^^^^^^
  File "C:\Users\DELL\AppData\Local\Programs\Python\Python312\Lib\asyncio\queues.py", line 158, in get
    await getter
asyncio.exceptions.CancelledError

2025-09-11 16:33:19,000 - backendbot - INFO - BackendBot iniciado correctamente
2025-09-11 16:33:19,007 - uvicorn.error - INFO - Started server process [28904]
2025-09-11 16:33:19,015 - uvicorn.error - INFO - Waiting for application startup.
2025-09-11 16:33:19,438 - backendbot - INFO - BackendBot iniciado correctamente
2025-09-11 16:33:19,450 - uvicorn.error - INFO - Started server process [54264]
2025-09-11 16:33:19,475 - uvicorn.error - INFO - Waiting for application startup.
2025-09-11 16:33:19,520 - backendbot - INFO - BackendBot iniciado correctamente
2025-09-11 16:33:19,533 - uvicorn.error - INFO - Started server process [49012]
2025-09-11 16:33:19,543 - uvicorn.error - INFO - Waiting for application startup.
2025-09-11 16:33:19,692 - backendbot - INFO - BackendBot iniciado correctamente
2025-09-11 16:33:19,697 - uvicorn.error - INFO - Started server process [29160]
2025-09-11 16:33:19,730 - backendbot - INFO - BackendBot iniciado correctamente
2025-09-11 16:33:19,726 - uvicorn.error - INFO - Waiting for application startup.
2025-09-11 16:33:19,736 - uvicorn.error - INFO - Started server process [3416]
2025-09-11 16:33:19,745 - uvicorn.error - INFO - Waiting for application startup.
2025-09-11 16:33:19,851 - backendbot - INFO - BackendBot iniciado correctamente
2025-09-11 16:33:19,859 - uvicorn.error - INFO - Started server process [7972]
2025-09-11 16:33:19,861 - uvicorn.error - INFO - Waiting for application startup.
2025-09-11 16:33:19,992 - backendbot - INFO - BackendBot iniciado correctamente
2025-09-11 16:33:20,011 - uvicorn.error - INFO - Started server process [41508]
2025-09-11 16:33:20,035 - uvicorn.error - INFO - Waiting for application startup.
2025-09-11 16:33:20,118 - backendbot - INFO - BackendBot iniciado correctamente
2025-09-11 16:33:20,136 - uvicorn.error - INFO - Started server process [2452]
2025-09-11 16:33:20,144 - uvicorn.error - INFO - Waiting for application startup.
2025-09-11 16:33:22,062 - backendbot - INFO - BackendBot iniciado correctamente
2025-09-11 16:33:22,120 - httpx - INFO - HTTP Request: GET http://testserver/ "HTTP/1.1 200 OK"
2025-09-11 16:33:22,127 - httpx - INFO - HTTP Request: GET http://testserver/ "HTTP/1.1 200 OK"
2025-09-11 16:33:22,132 - httpx - INFO - HTTP Request: GET http://testserver/ "HTTP/1.1 200 OK"
2025-09-11 16:33:22,137 - httpx - INFO - HTTP Request: GET http://testserver/ "HTTP/1.1 200 OK"
2025-09-11 16:33:22,144 - httpx - INFO - HTTP Request: GET http://testserver/ "HTTP/1.1 200 OK"
2025-09-11 16:33:22,151 - httpx - INFO - HTTP Request: GET http://testserver/ "HTTP/1.1 200 OK"
2025-09-11 16:33:22,156 - httpx - INFO - HTTP Request: GET http://testserver/ "HTTP/1.1 200 OK"
2025-09-11 16:33:22,162 - httpx - INFO - HTTP Request: GET http://testserver/ "HTTP/1.1 200 OK"
2025-09-11 16:33:22,167 - httpx - INFO - HTTP Request: GET http://testserver/ "HTTP/1.1 200 OK"
2025-09-11 16:33:22,174 - httpx - INFO - HTTP Request: GET http://testserver/ "HTTP/1.1 200 OK"
2025-09-11 16:33:22,180 - httpx - INFO - HTTP Request: GET http://testserver/ "HTTP/1.1 200 OK"
2025-09-11 16:33:22,993 - backendbot - INFO - Staging preview executed: 4 components
2025-09-11 16:33:22,996 - uvicorn.error - INFO - Application startup complete.
2025-09-11 16:33:23,192 - backendbot - INFO - Staging preview executed: 4 components
2025-09-11 16:33:23,196 - uvicorn.error - INFO - Application startup complete.
2025-09-11 16:33:23,308 - backendbot - INFO - Staging preview executed: 4 components
2025-09-11 16:33:23,312 - uvicorn.error - INFO - Application startup complete.
2025-09-11 16:33:23,313 - backendbot - INFO - Staging preview executed: 4 components
2025-09-11 16:33:23,315 - uvicorn.error - INFO - Application startup complete.
2025-09-11 16:33:23,386 - backendbot - INFO - Staging preview executed: 4 components
2025-09-11 16:33:23,389 - uvicorn.error - INFO - Application startup complete.
2025-09-11 16:33:23,421 - backendbot - INFO - Staging preview executed: 4 components
2025-09-11 16:33:23,424 - uvicorn.error - INFO - Application startup complete.
2025-09-11 16:33:23,570 - backendbot - INFO - Staging preview executed: 4 components
2025-09-11 16:33:23,573 - uvicorn.error - INFO - Application startup complete.
2025-09-11 16:33:23,615 - backendbot - INFO - Staging preview executed: 4 components
2025-09-11 16:33:23,617 - uvicorn.error - INFO - Application startup complete.
2025-09-11 16:33:32,908 - uvicorn.error - INFO - Shutting down
2025-09-11 16:33:33,020 - uvicorn.error - INFO - Waiting for application shutdown.
2025-09-11 16:33:33,020 - uvicorn.error - INFO - Application shutdown complete.
2025-09-11 16:33:33,020 - uvicorn.error - INFO - Finished server process [28904]
2025-09-11 16:33:33,061 - uvicorn.error - INFO - Shutting down
2025-09-11 16:33:33,174 - uvicorn.error - INFO - Waiting for application shutdown.
2025-09-11 16:33:33,177 - uvicorn.error - INFO - Application shutdown complete.
2025-09-11 16:33:33,178 - uvicorn.error - INFO - Finished server process [54264]
2025-09-11 16:33:33,203 - uvicorn.error - INFO - Shutting down
2025-09-11 16:33:33,235 - uvicorn.error - INFO - Shutting down
2025-09-11 16:33:33,307 - uvicorn.error - INFO - Shutting down
2025-09-11 16:33:33,307 - uvicorn.error - INFO - Shutting down
2025-09-11 16:33:33,312 - uvicorn.error - INFO - Waiting for application shutdown.
2025-09-11 16:33:33,313 - uvicorn.error - INFO - Application shutdown complete.
2025-09-11 16:33:33,313 - uvicorn.error - INFO - Finished server process [7972]
2025-09-11 16:33:33,343 - uvicorn.error - INFO - Waiting for application shutdown.
2025-09-11 16:33:33,344 - uvicorn.error - INFO - Application shutdown complete.
2025-09-11 16:33:33,345 - uvicorn.error - INFO - Finished server process [3416]
2025-09-11 16:33:33,346 - uvicorn.error - INFO - Shutting down
2025-09-11 16:33:33,419 - uvicorn.error - INFO - Waiting for application shutdown.
2025-09-11 16:33:33,419 - uvicorn.error - INFO - Waiting for application shutdown.
2025-09-11 16:33:33,421 - uvicorn.error - INFO - Application shutdown complete.
2025-09-11 16:33:33,421 - uvicorn.error - INFO - Application shutdown complete.
2025-09-11 16:33:33,421 - uvicorn.error - INFO - Finished server process [41508]
2025-09-11 16:33:33,421 - uvicorn.error - INFO - Finished server process [49012]
2025-09-11 16:33:33,467 - uvicorn.error - INFO - Waiting for application shutdown.
2025-09-11 16:33:33,468 - uvicorn.error - INFO - Application shutdown complete.
2025-09-11 16:33:33,469 - uvicorn.error - INFO - Finished server process [29160]
2025-09-11 16:33:33,498 - uvicorn.error - INFO - Shutting down
2025-09-11 16:33:33,604 - uvicorn.error - INFO - Waiting for application shutdown.
2025-09-11 16:33:33,604 - uvicorn.error - INFO - Application shutdown complete.
2025-09-11 16:33:33,606 - uvicorn.error - INFO - Finished server process [2452]
2025-09-13 00:46:29,499 - backendbot - INFO - Error cargando conversaciones: name 'AIConversation' is not defined
2025-09-13 00:46:29,511 - backendbot - INFO - Error cargando conversaciones: name 'AIConversation' is not defined
2025-09-13 00:55:32,516 - backendbot - INFO - BackendBot iniciado correctamente
2025-09-13 00:55:32,824 - httpx - INFO - HTTP Request: GET http://testserver/api/health "HTTP/1.1 404 Not Found"
2025-09-13 00:55:32,966 - __main__ - INFO - Testing Railway Config...
2025-09-13 00:56:24,149 - backendbot - INFO - BackendBot iniciado correctamente
2025-09-13 00:56:24,327 - httpx - INFO - HTTP Request: GET http://testserver/health "HTTP/1.1 200 OK"
2025-09-13 00:56:24,327 - __main__ - INFO - Health check endpoint working
2025-09-13 00:56:24,327 - __main__ - INFO - Testing Railway Config...
2025-09-13 00:56:24,328 - __main__ - INFO - RAILWAY_PROJECT_ID not set (normal for local testing)
2025-09-13 00:56:24,328 - __main__ - INFO - RAILWAY_ENVIRONMENT_ID not set (normal for local testing)
2025-09-13 00:56:24,328 - __main__ - INFO - RAILWAY_SERVICE_ID not set (normal for local testing)
2025-09-13 00:56:24,328 - __main__ - WARNING - DATABASE_URL not set
2025-09-13 00:56:24,329 - __main__ - INFO - 
Test Results: 3/4 tests passed
2025-09-13 00:56:24,329 - __main__ - ERROR - Some tests failed. Check the logs above.
2025-09-13 00:56:39,041 - backendbot - INFO - BackendBot iniciado correctamente
2025-09-13 00:56:39,183 - httpx - INFO - HTTP Request: GET http://testserver/health "HTTP/1.1 200 OK"
2025-09-13 00:56:39,183 - __main__ - INFO - Health check endpoint working
2025-09-13 00:56:39,183 - __main__ - INFO - Testing Railway Config...
2025-09-13 00:56:39,183 - __main__ - INFO - RAILWAY_PROJECT_ID not set (normal for local testing)
2025-09-13 00:56:39,183 - __main__ - INFO - RAILWAY_ENVIRONMENT_ID not set (normal for local testing)
2025-09-13 00:56:39,184 - __main__ - INFO - RAILWAY_SERVICE_ID not set (normal for local testing)
2025-09-13 00:56:39,184 - __main__ - INFO - DATABASE_URL not set (will use SQLite for local development)
2025-09-13 00:56:39,184 - __main__ - INFO - 
Test Results: 4/4 tests passed
2025-09-13 00:56:39,185 - __main__ - INFO - All Railway integrations are working correctly!
2025-09-13 01:00:22,008 - backendbot - INFO - BackendBot iniciado correctamente
2025-09-13 01:00:22,031 - backendbot - INFO - GPUtil available for GPU monitoring
2025-09-13 01:00:22,031 - backendbot - INFO - WMI available for Windows management
2025-09-13 01:00:22,031 - backendbot - INFO - psutil available for system monitoring
2025-09-13 01:00:26,670 - backendbot - INFO - BackendBot iniciado correctamente
2025-09-13 01:01:24,884 - backendbot - INFO - Error conectando con Ollama: Connection failed
2025-09-13 01:01:24,901 - asyncio - ERROR - Unclosed client session
client_session: <aiohttp.client.ClientSession object at 0x0000020441925C40>
2025-09-13 01:01:24,965 - asyncio - ERROR - Unclosed client session
client_session: <aiohttp.client.ClientSession object at 0x000002044186FFE0>
2025-09-13 01:01:24,966 - asyncio - ERROR - Unclosed client session
client_session: <aiohttp.client.ClientSession object at 0x00000204418D82C0>
2025-09-13 01:01:24,966 - asyncio - ERROR - Unclosed client session
client_session: <aiohttp.client.ClientSession object at 0x00000204419251F0>
2025-09-13 01:01:25,056 - backendbot - INFO - Error analizando estado del sistema: name 'AsyncSessionLocal' is not defined
2025-09-13 01:50:43,099 - backendbot - INFO - BackendBot iniciado correctamente
2025-09-13 01:54:17,834 - backendbot - INFO - BackendBot iniciado correctamente
2025-09-13 01:54:30,746 - backendbot - INFO - BackendBot iniciado correctamente
2025-09-13 01:54:55,700 - backendbot - INFO - Error conectando con Ollama: Connection failed
2025-09-13 01:54:55,715 - asyncio - ERROR - Unclosed client session
client_session: <aiohttp.client.ClientSession object at 0x000001EB9B209310>
2025-09-13 01:54:55,776 - asyncio - ERROR - Unclosed client session
client_session: <aiohttp.client.ClientSession object at 0x000001EB9B297D10>
2025-09-13 01:54:55,776 - asyncio - ERROR - Unclosed client session
client_session: <aiohttp.client.ClientSession object at 0x000001EB9B2A25D0>
2025-09-13 01:54:55,932 - asyncio - ERROR - Unclosed client session
client_session: <aiohttp.client.ClientSession object at 0x000001EB9B2F05C0>
2025-09-13 01:55:07,068 - backendbot - INFO - BackendBot iniciado correctamente
2025-09-13 01:55:07,106 - httpx - INFO - HTTP Request: GET http://testserver/ "HTTP/1.1 200 OK"
2025-09-13 01:55:28,000 - backendbot - INFO - Error conectando con Ollama: Connection failed
2025-09-13 01:55:28,029 - asyncio - ERROR - Unclosed client session
client_session: <aiohttp.client.ClientSession object at 0x0000024008EF0FE0>
2025-09-13 01:55:28,039 - asyncio - ERROR - Unclosed client session
client_session: <aiohttp.client.ClientSession object at 0x0000024008F685C0>
2025-09-13 01:55:28,141 - asyncio - ERROR - Unclosed client session
client_session: <aiohttp.client.ClientSession object at 0x00000240089EC470>
2025-09-13 01:55:28,142 - asyncio - ERROR - Unclosed client session
client_session: <aiohttp.client.ClientSession object at 0x0000024008F32480>
2025-09-13 01:56:36,584 - backendbot - INFO - BackendBot iniciado correctamente
2025-09-13 01:56:36,615 - httpx - INFO - HTTP Request: GET http://testserver/ "HTTP/1.1 200 OK"
2025-09-13 01:56:56,374 - backendbot - INFO - BackendBot iniciado correctamente
2025-09-13 01:57:26,213 - backendbot - INFO - BackendBot iniciado correctamente
2025-09-13 01:57:26,254 - httpx - INFO - HTTP Request: GET http://testserver/ "HTTP/1.1 200 OK"
2025-09-13 01:57:48,847 - backendbot - INFO - BackendBot iniciado correctamente
2025-09-13 01:57:48,890 - httpx - INFO - HTTP Request: GET http://testserver/ "HTTP/1.1 200 OK"
2025-09-13 01:57:59,507 - backendbot - INFO - BackendBot iniciado correctamente
2025-09-13 01:57:59,630 - backendbot - INFO - BackendBot iniciado correctamente
2025-09-13 01:58:00,810 - httpx - INFO - HTTP Request: GET http://testserver/ai/conversations "HTTP/1.1 200 OK"
2025-09-13 01:58:00,839 - httpx - INFO - HTTP Request: GET http://testserver/ai/conversation/conv_123 "HTTP/1.1 404 Not Found"
2025-09-13 01:58:00,859 - httpx - INFO - HTTP Request: GET http://testserver/ai/conversation/nonexistent "HTTP/1.1 404 Not Found"
2025-09-13 01:58:01,207 - httpx - INFO - HTTP Request: GET http://testserver/ai/agents "HTTP/1.1 200 OK"
2025-09-13 01:58:01,415 - httpx - INFO - HTTP Request: DELETE http://testserver/ai/conversation/conv_123 "HTTP/1.1 404 Not Found"
2025-09-13 01:58:01,433 - httpx - INFO - HTTP Request: DELETE http://testserver/ai/conversation/nonexistent "HTTP/1.1 404 Not Found"
2025-09-13 01:58:01,442 - httpx - INFO - HTTP Request: DELETE http://testserver/ai/agent/test_agent "HTTP/1.1 200 OK"
2025-09-13 01:58:01,456 - httpx - INFO - HTTP Request: DELETE http://testserver/ai/agent/nonexistent "HTTP/1.1 404 Not Found"
2025-09-13 01:58:01,466 - httpx - INFO - HTTP Request: GET http://testserver/ai/status "HTTP/1.1 500 Internal Server Error"
2025-09-13 01:58:01,562 - backendbot - INFO - Error conectando con Ollama: Connection failed
2025-09-13 01:58:01,578 - asyncio - ERROR - Unclosed client session
client_session: <aiohttp.client.ClientSession object at 0x000001D8492850A0>
2025-09-13 01:58:01,586 - asyncio - ERROR - Unclosed client session
client_session: <aiohttp.client.ClientSession object at 0x000001D8492853A0>
2025-09-13 01:58:01,625 - asyncio - ERROR - Unclosed client session
client_session: <aiohttp.client.ClientSession object at 0x000001D849281670>
2025-09-13 01:58:01,625 - asyncio - ERROR - Unclosed client session
client_session: <aiohttp.client.ClientSession object at 0x000001D8492C8680>
2025-09-13 01:58:02,044 - backendbot - INFO - Error analizando estado del sistema: Class 'src.backendbot.services.ai_service.AIConversation' is not mapped
2025-09-13 01:58:02,202 - httpx - INFO - HTTP Request: GET http://testserver/ "HTTP/1.1 200 OK"
2025-09-13 01:58:02,215 - httpx - INFO - HTTP Request: GET http://testserver/ "HTTP/1.1 200 OK"
2025-09-13 01:58:02,227 - httpx - INFO - HTTP Request: GET http://testserver/ "HTTP/1.1 200 OK"
2025-09-13 01:58:02,241 - httpx - INFO - HTTP Request: GET http://testserver/ "HTTP/1.1 200 OK"
2025-09-13 01:58:02,254 - httpx - INFO - HTTP Request: GET http://testserver/ "HTTP/1.1 200 OK"
2025-09-13 01:58:02,268 - httpx - INFO - HTTP Request: GET http://testserver/docs "HTTP/1.1 200 OK"
2025-09-13 01:58:02,275 - httpx - INFO - HTTP Request: GET http://testserver/ "HTTP/1.1 200 OK"
2025-09-13 01:58:02,283 - httpx - INFO - HTTP Request: GET http://testserver/ "HTTP/1.1 200 OK"
2025-09-13 01:58:02,298 - httpx - INFO - HTTP Request: GET http://testserver/system "HTTP/1.1 404 Not Found"
2025-09-13 01:58:02,309 - httpx - INFO - HTTP Request: GET http://testserver/ "HTTP/1.1 200 OK"
2025-09-13 01:58:02,313 - httpx - INFO - HTTP Request: GET http://testserver/ "HTTP/1.1 200 OK"
2025-09-13 01:58:02,319 - httpx - INFO - HTTP Request: GET http://testserver/ "HTTP/1.1 200 OK"
2025-09-13 01:58:02,324 - httpx - INFO - HTTP Request: GET http://testserver/ "HTTP/1.1 200 OK"
2025-09-13 01:58:02,328 - httpx - INFO - HTTP Request: GET http://testserver/ "HTTP/1.1 200 OK"
2025-09-13 01:58:02,333 - httpx - INFO - HTTP Request: GET http://testserver/ "HTTP/1.1 200 OK"
2025-09-13 01:58:02,337 - httpx - INFO - HTTP Request: GET http://testserver/ "HTTP/1.1 200 OK"
2025-09-13 01:58:02,342 - httpx - INFO - HTTP Request: GET http://testserver/ "HTTP/1.1 200 OK"
2025-09-13 01:58:02,348 - httpx - INFO - HTTP Request: GET http://testserver/ "HTTP/1.1 200 OK"
2025-09-13 01:58:02,352 - httpx - INFO - HTTP Request: GET http://testserver/ "HTTP/1.1 200 OK"
2025-09-13 01:58:02,357 - httpx - INFO - HTTP Request: GET http://testserver/ "HTTP/1.1 200 OK"
2025-09-13 01:58:02,370 - httpx - INFO - HTTP Request: GET http://testserver/nonexistent "HTTP/1.1 404 Not Found"
2025-09-13 01:58:02,376 - httpx - INFO - HTTP Request: POST http://testserver/ "HTTP/1.1 405 Method Not Allowed"
2025-09-13 01:58:02,384 - httpx - INFO - HTTP Request: GET http://testserver/ "HTTP/1.1 200 OK"
2025-09-13 01:58:03,106 - backendbot - INFO - NOTIFICATION: Test message - Test Title
2025-09-13 01:58:03,243 - backendbot - INFO - Log message
2025-09-13 01:59:01,481 - backendbot - INFO - BackendBot iniciado correctamente
2025-09-13 01:59:01,564 - httpx - INFO - HTTP Request: GET http://testserver/ "HTTP/1.1 200 OK"
2025-09-13 01:59:01,576 - httpx - INFO - HTTP Request: GET http://testserver/ "HTTP/1.1 401 Unauthorized"
2025-09-13 01:59:01,586 - httpx - INFO - HTTP Request: GET http://testserver/ "HTTP/1.1 401 Unauthorized"
2025-09-13 01:59:14,962 - backendbot - INFO - BackendBot iniciado correctamente
2025-09-13 01:59:15,012 - httpx - INFO - HTTP Request: GET http://testserver/ "HTTP/1.1 200 OK"
2025-09-13 02:08:12,224 - backendbot - INFO - Error conectando con Ollama: Connection failed
2025-09-13 02:08:12,229 - asyncio - ERROR - Unclosed client session
client_session: <aiohttp.client.ClientSession object at 0x000001A38F171C70>
2025-09-13 02:08:12,232 - asyncio - ERROR - Unclosed client session
client_session: <aiohttp.client.ClientSession object at 0x000001A38CC417F0>
2025-09-13 02:08:12,236 - asyncio - ERROR - Unclosed client session
client_session: <aiohttp.client.ClientSession object at 0x000001A38C4A9C10>
2025-09-13 02:08:25,228 - backendbot - INFO - BackendBot iniciado correctamente
2025-09-13 02:08:40,369 - backendbot - INFO - BackendBot iniciado correctamente
2025-09-13 02:08:40,370 - uvicorn.error - INFO - Started server process [25028]
2025-09-13 02:08:40,370 - uvicorn.error - INFO - Waiting for application startup.
2025-09-13 02:08:41,050 - apscheduler.scheduler - INFO - Adding job tentatively -- it will be properly scheduled when the scheduler starts
2025-09-13 02:08:41,118 - apscheduler.scheduler - INFO - Adding job tentatively -- it will be properly scheduled when the scheduler starts
2025-09-13 02:08:41,139 - apscheduler.scheduler - INFO - Adding job tentatively -- it will be properly scheduled when the scheduler starts
2025-09-13 02:08:41,154 - apscheduler.scheduler - INFO - Adding job tentatively -- it will be properly scheduled when the scheduler starts
2025-09-13 02:08:41,169 - apscheduler.scheduler - INFO - Adding job tentatively -- it will be properly scheduled when the scheduler starts
2025-09-13 02:08:41,185 - apscheduler.scheduler - INFO - Adding job tentatively -- it will be properly scheduled when the scheduler starts
2025-09-13 02:08:41,207 - apscheduler.scheduler - INFO - Added job "cleanup_logs" to job store "default"
2025-09-13 02:08:41,208 - apscheduler.scheduler - INFO - Added job "backup_database" to job store "default"
2025-09-13 02:08:41,208 - apscheduler.scheduler - INFO - Added job "optimize_performance" to job store "default"
2025-09-13 02:08:41,209 - apscheduler.scheduler - INFO - Added job "update_cache_stats" to job store "default"
2025-09-13 02:08:41,209 - apscheduler.scheduler - INFO - Added job "health_check" to job store "default"
2025-09-13 02:08:41,210 - apscheduler.scheduler - INFO - Added job "maintenance_window" to job store "default"
2025-09-13 02:08:41,210 - apscheduler.scheduler - INFO - Scheduler started
2025-09-13 02:08:41,258 - backendbot - INFO - Railway integration initialized successfully
2025-09-13 02:08:41,326 - backendbot - INFO - Staging preview executed: 4 components
2025-09-13 02:08:41,329 - uvicorn.error - INFO - Application startup complete.
2025-09-13 02:08:47,884 - backendbot.monitor - INFO - Performance Metrics
2025-09-13 02:08:50,339 - uvicorn.error - INFO - Shutting down
2025-09-13 02:08:50,449 - uvicorn.error - INFO - Waiting for application shutdown.
2025-09-13 02:08:50,449 - uvicorn.error - INFO - Application shutdown complete.
2025-09-13 02:08:50,449 - uvicorn.error - INFO - Finished server process [25028]
2025-09-13 02:09:03,341 - backendbot - INFO - BackendBot iniciado correctamente
2025-09-13 02:09:03,342 - uvicorn.error - INFO - Started server process [11856]
2025-09-13 02:09:03,342 - uvicorn.error - INFO - Waiting for application startup.
2025-09-13 02:09:03,428 - apscheduler.scheduler - INFO - Adding job tentatively -- it will be properly scheduled when the scheduler starts
2025-09-13 02:09:03,436 - apscheduler.scheduler - INFO - Adding job tentatively -- it will be properly scheduled when the scheduler starts
2025-09-13 02:09:03,457 - apscheduler.scheduler - INFO - Adding job tentatively -- it will be properly scheduled when the scheduler starts
2025-09-13 02:09:03,470 - apscheduler.scheduler - INFO - Adding job tentatively -- it will be properly scheduled when the scheduler starts
2025-09-13 02:09:03,482 - apscheduler.scheduler - INFO - Adding job tentatively -- it will be properly scheduled when the scheduler starts
2025-09-13 02:09:03,490 - apscheduler.scheduler - INFO - Adding job tentatively -- it will be properly scheduled when the scheduler starts
2025-09-13 02:09:03,506 - apscheduler.scheduler - INFO - Added job "cleanup_logs" to job store "default"
2025-09-13 02:09:03,507 - apscheduler.scheduler - INFO - Added job "backup_database" to job store "default"
2025-09-13 02:09:03,507 - apscheduler.scheduler - INFO - Added job "optimize_performance" to job store "default"
2025-09-13 02:09:03,507 - apscheduler.scheduler - INFO - Added job "update_cache_stats" to job store "default"
2025-09-13 02:09:03,508 - apscheduler.scheduler - INFO - Added job "health_check" to job store "default"
2025-09-13 02:09:03,508 - apscheduler.scheduler - INFO - Added job "maintenance_window" to job store "default"
2025-09-13 02:09:03,508 - apscheduler.scheduler - INFO - Scheduler started
2025-09-13 02:09:03,532 - backendbot - INFO - Railway integration initialized successfully
2025-09-13 02:09:03,569 - backendbot - INFO - Staging preview executed: 4 components
2025-09-13 02:09:03,573 - uvicorn.error - INFO - Application startup complete.
2025-09-13 02:09:03,598 - uvicorn.error - ERROR - Traceback (most recent call last):
  File "C:\Users\DELL\AppData\Local\Programs\Python\Python312\Lib\asyncio\runners.py", line 118, in run
    return self._loop.run_until_complete(task)
           ^^^^^^^^^^^^^^^^^^^^^^^^^^^^^^^^^^^
  File "C:\Users\DELL\AppData\Local\Programs\Python\Python312\Lib\asyncio\base_events.py", line 691, in run_until_complete
    return future.result()
           ^^^^^^^^^^^^^^^
asyncio.exceptions.CancelledError

During handling of the above exception, another exception occurred:

Traceback (most recent call last):
  File "C:\Users\DELL\AppData\Local\Programs\Python\Python312\Lib\asyncio\runners.py", line 195, in run
    return runner.run(main)
           ^^^^^^^^^^^^^^^^
  File "C:\Users\DELL\AppData\Local\Programs\Python\Python312\Lib\asyncio\runners.py", line 123, in run
    raise KeyboardInterrupt()
KeyboardInterrupt

During handling of the above exception, another exception occurred:

Traceback (most recent call last):
  File "C:\Users\DELL\AppData\Local\Programs\Python\Python312\Lib\site-packages\starlette\routing.py", line 700, in lifespan
    await receive()
  File "C:\Users\DELL\AppData\Local\Programs\Python\Python312\Lib\site-packages\uvicorn\lifespan\on.py", line 137, in receive
    return await self.receive_queue.get()
           ^^^^^^^^^^^^^^^^^^^^^^^^^^^^^^
  File "C:\Users\DELL\AppData\Local\Programs\Python\Python312\Lib\asyncio\queues.py", line 158, in get
    await getter
asyncio.exceptions.CancelledError

2025-09-13 02:09:11,547 - backendbot - INFO - BackendBot iniciado correctamente
2025-09-13 02:09:11,548 - uvicorn.error - INFO - Started server process [27480]
2025-09-13 02:09:11,548 - uvicorn.error - INFO - Waiting for application startup.
2025-09-13 02:09:11,622 - apscheduler.scheduler - INFO - Adding job tentatively -- it will be properly scheduled when the scheduler starts
2025-09-13 02:09:11,631 - apscheduler.scheduler - INFO - Adding job tentatively -- it will be properly scheduled when the scheduler starts
2025-09-13 02:09:11,655 - apscheduler.scheduler - INFO - Adding job tentatively -- it will be properly scheduled when the scheduler starts
2025-09-13 02:09:11,664 - apscheduler.scheduler - INFO - Adding job tentatively -- it will be properly scheduled when the scheduler starts
2025-09-13 02:09:11,674 - apscheduler.scheduler - INFO - Adding job tentatively -- it will be properly scheduled when the scheduler starts
2025-09-13 02:09:11,696 - apscheduler.scheduler - INFO - Adding job tentatively -- it will be properly scheduled when the scheduler starts
2025-09-13 02:09:11,721 - apscheduler.scheduler - INFO - Added job "cleanup_logs" to job store "default"
2025-09-13 02:09:11,722 - apscheduler.scheduler - INFO - Added job "backup_database" to job store "default"
2025-09-13 02:09:11,722 - apscheduler.scheduler - INFO - Added job "optimize_performance" to job store "default"
2025-09-13 02:09:11,722 - apscheduler.scheduler - INFO - Added job "update_cache_stats" to job store "default"
2025-09-13 02:09:11,722 - apscheduler.scheduler - INFO - Added job "health_check" to job store "default"
2025-09-13 02:09:11,724 - apscheduler.scheduler - INFO - Added job "maintenance_window" to job store "default"
2025-09-13 02:09:11,724 - apscheduler.scheduler - INFO - Scheduler started
2025-09-13 02:09:11,773 - backendbot - INFO - Railway integration initialized successfully
2025-09-13 02:09:11,814 - backendbot - INFO - Staging preview executed: 4 components
2025-09-13 02:09:11,818 - uvicorn.error - INFO - Application startup complete.
2025-09-13 02:09:16,241 - backendbot.monitor - INFO - Performance Metrics
2025-09-13 02:09:28,768 - uvicorn.error - INFO - Shutting down
2025-09-13 02:09:28,877 - uvicorn.error - INFO - Waiting for application shutdown.
2025-09-13 02:09:28,877 - uvicorn.error - INFO - Application shutdown complete.
2025-09-13 02:09:28,877 - uvicorn.error - INFO - Finished server process [27480]
2025-09-13 14:34:48,813 - backendbot - INFO - BackendBot iniciado correctamente
2025-09-13 14:34:48,814 - uvicorn.error - INFO - Started server process [38320]
2025-09-13 14:34:48,815 - uvicorn.error - INFO - Waiting for application startup.
2025-09-13 14:34:48,985 - apscheduler.scheduler - INFO - Adding job tentatively -- it will be properly scheduled when the scheduler starts
2025-09-13 14:34:48,990 - apscheduler.scheduler - INFO - Adding job tentatively -- it will be properly scheduled when the scheduler starts
2025-09-13 14:34:48,995 - apscheduler.scheduler - INFO - Adding job tentatively -- it will be properly scheduled when the scheduler starts
2025-09-13 14:34:49,000 - apscheduler.scheduler - INFO - Adding job tentatively -- it will be properly scheduled when the scheduler starts
2025-09-13 14:34:49,005 - apscheduler.scheduler - INFO - Adding job tentatively -- it will be properly scheduled when the scheduler starts
2025-09-13 14:34:49,009 - apscheduler.scheduler - INFO - Adding job tentatively -- it will be properly scheduled when the scheduler starts
2025-09-13 14:34:49,018 - apscheduler.scheduler - INFO - Added job "cleanup_logs" to job store "default"
2025-09-13 14:34:49,018 - apscheduler.scheduler - INFO - Added job "backup_database" to job store "default"
2025-09-13 14:34:49,018 - apscheduler.scheduler - INFO - Added job "optimize_performance" to job store "default"
2025-09-13 14:34:49,018 - apscheduler.scheduler - INFO - Added job "update_cache_stats" to job store "default"
2025-09-13 14:34:49,018 - apscheduler.scheduler - INFO - Added job "health_check" to job store "default"
2025-09-13 14:34:49,018 - apscheduler.scheduler - INFO - Added job "maintenance_window" to job store "default"
2025-09-13 14:34:49,018 - apscheduler.scheduler - INFO - Scheduler started
2025-09-13 14:34:49,038 - backendbot - INFO - Railway integration initialized successfully
2025-09-13 14:34:49,072 - backendbot - INFO - Staging preview executed: 4 components
2025-09-13 14:34:49,081 - uvicorn.error - INFO - Application startup complete.
2025-09-13 14:34:53,788 - src.backendbot.monitor - INFO - Performance Metrics
2025-09-13 14:34:53,788 - uvicorn.access - INFO - 127.0.0.1:62488 - "GET /get-modo HTTP/1.1" 200
2025-09-13 14:39:54,815 - src.backendbot.monitor - INFO - Performance Metrics
2025-09-13 14:44:55,831 - src.backendbot.monitor - INFO - Performance Metrics
2025-09-13 14:49:49,012 - apscheduler.executors.default - INFO - Running job "health_check (trigger: interval[0:15:00], next run at: 2025-09-13 15:04:49 CST)" (scheduled at 2025-09-13 14:49:49.005921-06:00)
2025-09-13 14:49:50,034 - apscheduler.executors.default - INFO - Job "health_check (trigger: interval[0:15:00], next run at: 2025-09-13 15:04:49 CST)" executed successfully
2025-09-13 14:49:56,847 - src.backendbot.monitor - INFO - Performance Metrics
2025-09-13 14:54:57,851 - src.backendbot.monitor - INFO - Performance Metrics
2025-09-13 14:59:58,888 - src.backendbot.monitor - INFO - Performance Metrics
2025-09-13 15:04:49,018 - apscheduler.executors.default - INFO - Running job "health_check (trigger: interval[0:15:00], next run at: 2025-09-13 15:19:49 CST)" (scheduled at 2025-09-13 15:04:49.005921-06:00)
2025-09-13 15:04:50,042 - apscheduler.executors.default - INFO - Job "health_check (trigger: interval[0:15:00], next run at: 2025-09-13 15:19:49 CST)" executed successfully
2025-09-13 15:04:59,911 - src.backendbot.monitor - INFO - Performance Metrics
2025-09-13 15:10:00,941 - src.backendbot.monitor - INFO - Performance Metrics
2025-09-13 15:15:01,944 - src.backendbot.monitor - INFO - Performance Metrics
2025-09-13 15:19:49,025 - apscheduler.executors.default - INFO - Running job "health_check (trigger: interval[0:15:00], next run at: 2025-09-13 15:34:49 CST)" (scheduled at 2025-09-13 15:19:49.005921-06:00)
2025-09-13 15:19:50,040 - apscheduler.executors.default - INFO - Job "health_check (trigger: interval[0:15:00], next run at: 2025-09-13 15:34:49 CST)" executed successfully
2025-09-13 15:20:02,947 - src.backendbot.monitor - INFO - Performance Metrics
2025-09-13 15:25:03,953 - src.backendbot.monitor - INFO - Performance Metrics
2025-09-13 15:27:35,747 - backendbot - INFO - BackendBot iniciado correctamente
2025-09-13 15:27:35,748 - uvicorn.error - INFO - Started server process [2992]
2025-09-13 15:27:35,748 - uvicorn.error - INFO - Waiting for application startup.
2025-09-13 15:27:35,873 - apscheduler.scheduler - INFO - Adding job tentatively -- it will be properly scheduled when the scheduler starts
2025-09-13 15:27:35,885 - apscheduler.scheduler - INFO - Adding job tentatively -- it will be properly scheduled when the scheduler starts
2025-09-13 15:27:35,893 - apscheduler.scheduler - INFO - Adding job tentatively -- it will be properly scheduled when the scheduler starts
2025-09-13 15:27:35,900 - apscheduler.scheduler - INFO - Adding job tentatively -- it will be properly scheduled when the scheduler starts
2025-09-13 15:27:35,906 - apscheduler.scheduler - INFO - Adding job tentatively -- it will be properly scheduled when the scheduler starts
2025-09-13 15:27:35,914 - apscheduler.scheduler - INFO - Adding job tentatively -- it will be properly scheduled when the scheduler starts
2025-09-13 15:27:35,928 - apscheduler.scheduler - INFO - Added job "cleanup_logs" to job store "default"
2025-09-13 15:27:35,928 - apscheduler.scheduler - INFO - Added job "backup_database" to job store "default"
2025-09-13 15:27:35,928 - apscheduler.scheduler - INFO - Added job "optimize_performance" to job store "default"
2025-09-13 15:27:35,929 - apscheduler.scheduler - INFO - Added job "update_cache_stats" to job store "default"
2025-09-13 15:27:35,929 - apscheduler.scheduler - INFO - Added job "health_check" to job store "default"
2025-09-13 15:27:35,929 - apscheduler.scheduler - INFO - Added job "maintenance_window" to job store "default"
2025-09-13 15:27:35,929 - apscheduler.scheduler - INFO - Scheduler started
2025-09-13 15:27:35,950 - backendbot - INFO - Railway integration initialized successfully
2025-09-13 15:27:35,994 - backendbot - INFO - Staging preview executed: 4 components
2025-09-13 15:27:36,007 - uvicorn.error - INFO - Application startup complete.
2025-09-13 15:27:41,048 - src.backendbot.monitor - INFO - Performance Metrics
2025-09-13 15:27:41,050 - uvicorn.access - INFO - 127.0.0.1:59711 - "GET /get-modo HTTP/1.1" 200
2025-09-13 15:30:44,875 - backendbot - INFO - BackendBot iniciado correctamente
2025-09-13 15:32:42,081 - src.backendbot.monitor - INFO - Performance Metrics
2025-09-13 15:37:43,103 - src.backendbot.monitor - INFO - Performance Metrics
2025-09-13 15:42:35,919 - apscheduler.executors.default - INFO - Running job "health_check (trigger: interval[0:15:00], next run at: 2025-09-13 15:57:35 CST)" (scheduled at 2025-09-13 15:42:35.906396-06:00)
2025-09-13 15:42:36,939 - apscheduler.executors.default - INFO - Job "health_check (trigger: interval[0:15:00], next run at: 2025-09-13 15:57:35 CST)" executed successfully
2025-09-13 15:42:44,141 - src.backendbot.monitor - INFO - Performance Metrics
2025-09-13 15:47:45,157 - src.backendbot.monitor - INFO - Performance Metrics
2025-09-13 15:52:46,202 - src.backendbot.monitor - INFO - Performance Metrics
2025-09-13 15:57:35,917 - apscheduler.executors.default - INFO - Running job "health_check (trigger: interval[0:15:00], next run at: 2025-09-13 16:12:35 CST)" (scheduled at 2025-09-13 15:57:35.906396-06:00)
2025-09-13 15:57:36,932 - apscheduler.executors.default - INFO - Job "health_check (trigger: interval[0:15:00], next run at: 2025-09-13 16:12:35 CST)" executed successfully
2025-09-13 15:57:47,250 - src.backendbot.monitor - INFO - Performance Metrics
2025-09-13 16:02:48,276 - src.backendbot.monitor - INFO - Performance Metrics
2025-09-13 16:07:49,629 - src.backendbot.monitor - INFO - Performance Metrics
2025-09-13 16:12:35,909 - apscheduler.executors.default - INFO - Running job "health_check (trigger: interval[0:15:00], next run at: 2025-09-13 16:27:35 CST)" (scheduled at 2025-09-13 16:12:35.906396-06:00)
2025-09-13 16:12:36,920 - apscheduler.executors.default - INFO - Job "health_check (trigger: interval[0:15:00], next run at: 2025-09-13 16:27:35 CST)" executed successfully
2025-09-13 16:12:50,670 - src.backendbot.monitor - INFO - Performance Metrics
2025-09-13 16:17:51,699 - src.backendbot.monitor - INFO - Performance Metrics
2025-09-13 16:22:52,710 - src.backendbot.monitor - INFO - Performance Metrics
2025-09-13 16:27:35,908 - apscheduler.executors.default - INFO - Running job "health_check (trigger: interval[0:15:00], next run at: 2025-09-13 16:42:35 CST)" (scheduled at 2025-09-13 16:27:35.906396-06:00)
2025-09-13 16:27:36,922 - apscheduler.executors.default - INFO - Job "health_check (trigger: interval[0:15:00], next run at: 2025-09-13 16:42:35 CST)" executed successfully
2025-09-13 16:27:53,717 - src.backendbot.monitor - INFO - Performance Metrics
2025-09-13 16:32:54,737 - src.backendbot.monitor - INFO - Performance Metrics
2025-09-13 16:37:55,752 - src.backendbot.monitor - INFO - Performance Metrics
2025-09-13 16:42:35,920 - apscheduler.executors.default - INFO - Running job "health_check (trigger: interval[0:15:00], next run at: 2025-09-13 16:57:35 CST)" (scheduled at 2025-09-13 16:42:35.906396-06:00)
2025-09-13 16:42:36,937 - apscheduler.executors.default - INFO - Job "health_check (trigger: interval[0:15:00], next run at: 2025-09-13 16:57:35 CST)" executed successfully
2025-09-13 16:42:56,795 - src.backendbot.monitor - INFO - Performance Metrics
2025-09-13 16:47:57,822 - src.backendbot.monitor - INFO - Performance Metrics
2025-09-13 16:50:38,082 - backendbot - INFO - BackendBot iniciado correctamente
2025-09-13 16:52:13,913 - uvicorn.access - INFO - 127.0.0.1:65504 - "GET /get-modo HTTP/1.1" 200
2025-09-13 16:52:13,915 - backendbot - INFO - âœ… Tray iniciado
2025-09-13 16:52:42,300 - uvicorn.access - INFO - 127.0.0.1:65529 - "GET /get-modo HTTP/1.1" 200
2025-09-13 16:52:42,301 - backendbot - INFO - âœ… Tray iniciado
2025-09-13 16:52:58,855 - src.backendbot.monitor - INFO - Performance Metrics
2025-09-13 16:54:53,138 - backendbot - INFO - BackendBot iniciado correctamente
2025-09-13 16:54:53,138 - uvicorn.error - INFO - Started server process [39852]
2025-09-13 16:54:53,139 - uvicorn.error - INFO - Waiting for application startup.
2025-09-13 16:54:53,152 - src.backendbot.railway_integration - INFO - ðŸš€ Inicializando integraciÃ³n de Railway...
2025-09-13 16:54:53,153 - src.backendbot.railway_db - ERROR - âŒ DATABASE_URL no configurada
2025-09-13 16:54:53,153 - src.backendbot.railway_integration - WARNING - âš ï¸  Railway PostgreSQL no disponible
2025-09-13 16:54:53,153 - src.backendbot.webhooks - INFO - âœ… Handler registrado para evento: DEPLOYMENT_SUCCESS
2025-09-13 16:54:53,153 - src.backendbot.webhooks - INFO - âœ… Handler registrado para evento: DEPLOYMENT_FAILED
2025-09-13 16:54:53,153 - src.backendbot.webhooks - INFO - âœ… Handler registrado para evento: SERVICE_CRASHED
2025-09-13 16:54:53,153 - src.backendbot.webhooks - INFO - âœ… Handler registrado para evento: DATABASE_BACKUP_COMPLETED
2025-09-13 16:54:53,154 - src.backendbot.webhooks - INFO - âœ… Handler registrado para evento: USAGE_ALERT
2025-09-13 16:54:53,154 - src.backendbot.webhooks - INFO - âœ… Handlers por defecto configurados
2025-09-13 16:54:53,154 - src.backendbot.railway_integration - INFO - âœ… Webhooks configurados
2025-09-13 16:54:53,154 - apscheduler.scheduler - INFO - Adding job tentatively -- it will be properly scheduled when the scheduler starts
2025-09-13 16:54:53,155 - src.backendbot.cron_jobs - INFO - âœ… Cron job agregado: cleanup_logs - 0 2 * * *
2025-09-13 16:54:53,155 - apscheduler.scheduler - INFO - Adding job tentatively -- it will be properly scheduled when the scheduler starts
2025-09-13 16:54:53,155 - src.backendbot.cron_jobs - INFO - âœ… Cron job agregado: backup_database - 0 3 * * *
2025-09-13 16:54:53,155 - apscheduler.scheduler - INFO - Adding job tentatively -- it will be properly scheduled when the scheduler starts
2025-09-13 16:54:53,155 - src.backendbot.cron_jobs - INFO - âœ… Cron job agregado: optimize_performance - 0 */6 * * *
2025-09-13 16:54:53,156 - apscheduler.scheduler - INFO - Adding job tentatively -- it will be properly scheduled when the scheduler starts
2025-09-13 16:54:53,156 - src.backendbot.cron_jobs - INFO - âœ… Cron job agregado: update_cache_stats - 0 */6 * * *
2025-09-13 16:54:53,156 - apscheduler.scheduler - INFO - Adding job tentatively -- it will be properly scheduled when the scheduler starts
2025-09-13 16:54:53,156 - src.backendbot.cron_jobs - INFO - âœ… Interval job agregado: health_check - cada 900 segundos
2025-09-13 16:54:53,156 - apscheduler.scheduler - INFO - Adding job tentatively -- it will be properly scheduled when the scheduler starts
2025-09-13 16:54:53,156 - src.backendbot.cron_jobs - INFO - âœ… Cron job agregado: maintenance_window - 0 4 * * 0
2025-09-13 16:54:53,156 - src.backendbot.cron_jobs - INFO - âœ… Jobs por defecto configurados con enfoque en ahorro de costos.
2025-09-13 16:54:53,160 - apscheduler.scheduler - INFO - Added job "cleanup_logs" to job store "default"
2025-09-13 16:54:53,162 - apscheduler.scheduler - INFO - Added job "backup_database" to job store "default"
2025-09-13 16:54:53,162 - apscheduler.scheduler - INFO - Added job "optimize_performance" to job store "default"
2025-09-13 16:54:53,162 - apscheduler.scheduler - INFO - Added job "update_cache_stats" to job store "default"
2025-09-13 16:54:53,163 - apscheduler.scheduler - INFO - Added job "health_check" to job store "default"
2025-09-13 16:54:53,163 - apscheduler.scheduler - INFO - Added job "maintenance_window" to job store "default"
2025-09-13 16:54:53,163 - apscheduler.scheduler - INFO - Scheduler started
2025-09-13 16:54:53,164 - src.backendbot.cron_jobs - INFO - âœ… Scheduler de cron jobs iniciado
2025-09-13 16:54:53,164 - src.backendbot.railway_integration - INFO - âœ… Cron jobs configurados e iniciados
2025-09-13 16:54:53,164 - src.backendbot.railway_integration - INFO - âœ… Monitoreo de sistema iniciado
2025-09-13 16:54:53,164 - src.backendbot.railway_integration - WARNING - âš ï¸  Redis cache no disponible
2025-09-13 16:54:53,165 - src.backendbot.railway_integration - INFO - ðŸŽ‰ IntegraciÃ³n de Railway completada exitosamente
2025-09-13 16:54:53,165 - backendbot - INFO - Railway integration initialized successfully
2025-09-13 16:54:53,237 - backendbot - INFO - Staging preview executed: 4 components
2025-09-13 16:54:53,245 - uvicorn.error - INFO - Application startup complete.
2025-09-13 16:54:57,847 - src.backendbot.monitor - INFO - Performance Metrics
2025-09-13 16:54:57,848 - uvicorn.access - INFO - 127.0.0.1:49203 - "GET /get-modo HTTP/1.1" 200
2025-09-13 16:54:57,850 - backendbot - INFO - âœ… Tray iniciado y menÃº actualizado.
2025-09-13 16:57:26,321 - backendbot - INFO - BackendBot iniciado correctamente
2025-09-13 16:57:26,321 - uvicorn.error - INFO - Started server process [32212]
2025-09-13 16:57:26,321 - uvicorn.error - INFO - Waiting for application startup.
2025-09-13 16:57:26,333 - src.backendbot.railway_integration - INFO - ðŸš€ Inicializando integraciÃ³n de Railway...
2025-09-13 16:57:26,333 - src.backendbot.railway_db - ERROR - âŒ DATABASE_URL no configurada
2025-09-13 16:57:26,333 - src.backendbot.railway_integration - WARNING - âš ï¸  Railway PostgreSQL no disponible
2025-09-13 16:57:26,333 - src.backendbot.webhooks - INFO - âœ… Handler registrado para evento: DEPLOYMENT_SUCCESS
2025-09-13 16:57:26,333 - src.backendbot.webhooks - INFO - âœ… Handler registrado para evento: DEPLOYMENT_FAILED
2025-09-13 16:57:26,334 - src.backendbot.webhooks - INFO - âœ… Handler registrado para evento: SERVICE_CRASHED
2025-09-13 16:57:26,334 - src.backendbot.webhooks - INFO - âœ… Handler registrado para evento: DATABASE_BACKUP_COMPLETED
2025-09-13 16:57:26,334 - src.backendbot.webhooks - INFO - âœ… Handler registrado para evento: USAGE_ALERT
2025-09-13 16:57:26,334 - src.backendbot.webhooks - INFO - âœ… Handlers por defecto configurados
2025-09-13 16:57:26,334 - src.backendbot.railway_integration - INFO - âœ… Webhooks configurados
2025-09-13 16:57:26,334 - apscheduler.scheduler - INFO - Adding job tentatively -- it will be properly scheduled when the scheduler starts
2025-09-13 16:57:26,334 - src.backendbot.cron_jobs - INFO - âœ… Cron job agregado: cleanup_logs - 0 2 * * *
2025-09-13 16:57:26,334 - apscheduler.scheduler - INFO - Adding job tentatively -- it will be properly scheduled when the scheduler starts
2025-09-13 16:57:26,336 - src.backendbot.cron_jobs - INFO - âœ… Cron job agregado: backup_database - 0 3 * * *
2025-09-13 16:57:26,336 - apscheduler.scheduler - INFO - Adding job tentatively -- it will be properly scheduled when the scheduler starts
2025-09-13 16:57:26,336 - src.backendbot.cron_jobs - INFO - âœ… Cron job agregado: optimize_performance - 0 */6 * * *
2025-09-13 16:57:26,336 - apscheduler.scheduler - INFO - Adding job tentatively -- it will be properly scheduled when the scheduler starts
2025-09-13 16:57:26,336 - src.backendbot.cron_jobs - INFO - âœ… Cron job agregado: update_cache_stats - 0 */6 * * *
2025-09-13 16:57:26,336 - apscheduler.scheduler - INFO - Adding job tentatively -- it will be properly scheduled when the scheduler starts
2025-09-13 16:57:26,337 - src.backendbot.cron_jobs - INFO - âœ… Interval job agregado: health_check - cada 900 segundos
2025-09-13 16:57:26,337 - apscheduler.scheduler - INFO - Adding job tentatively -- it will be properly scheduled when the scheduler starts
2025-09-13 16:57:26,337 - src.backendbot.cron_jobs - INFO - âœ… Cron job agregado: maintenance_window - 0 4 * * 0
2025-09-13 16:57:26,337 - src.backendbot.cron_jobs - INFO - âœ… Jobs por defecto configurados con enfoque en ahorro de costos.
2025-09-13 16:57:26,341 - apscheduler.scheduler - INFO - Added job "cleanup_logs" to job store "default"
2025-09-13 16:57:26,341 - apscheduler.scheduler - INFO - Added job "backup_database" to job store "default"
2025-09-13 16:57:26,342 - apscheduler.scheduler - INFO - Added job "optimize_performance" to job store "default"
2025-09-13 16:57:26,342 - apscheduler.scheduler - INFO - Added job "update_cache_stats" to job store "default"
2025-09-13 16:57:26,342 - apscheduler.scheduler - INFO - Added job "health_check" to job store "default"
2025-09-13 16:57:26,342 - apscheduler.scheduler - INFO - Added job "maintenance_window" to job store "default"
2025-09-13 16:57:26,342 - apscheduler.scheduler - INFO - Scheduler started
2025-09-13 16:57:26,343 - src.backendbot.cron_jobs - INFO - âœ… Scheduler de cron jobs iniciado
2025-09-13 16:57:26,343 - src.backendbot.railway_integration - INFO - âœ… Cron jobs configurados e iniciados
2025-09-13 16:57:26,343 - src.backendbot.railway_integration - INFO - âœ… Monitoreo de sistema iniciado
2025-09-13 16:57:26,344 - src.backendbot.railway_integration - WARNING - âš ï¸  Redis cache no disponible
2025-09-13 16:57:26,344 - src.backendbot.railway_integration - INFO - ðŸŽ‰ IntegraciÃ³n de Railway completada exitosamente
2025-09-13 16:57:26,344 - backendbot - INFO - Railway integration initialized successfully
2025-09-13 16:57:26,405 - backendbot - INFO - Staging preview executed: 4 components
2025-09-13 16:57:26,417 - uvicorn.error - INFO - Application startup complete.
2025-09-13 19:01:42,855 - backendbot - INFO - BackendBot iniciado correctamente
2025-09-13 19:01:42,856 - uvicorn.error - INFO - Started server process [12236]
2025-09-13 19:01:42,856 - uvicorn.error - INFO - Waiting for application startup.
2025-09-13 19:01:42,881 - src.backendbot.railway_integration - INFO - ðŸš€ Inicializando integraciÃ³n de Railway...
2025-09-13 19:01:42,881 - src.backendbot.railway_db - ERROR - âŒ DATABASE_URL no configurada
2025-09-13 19:01:42,881 - src.backendbot.railway_integration - WARNING - âš ï¸  Railway PostgreSQL no disponible
2025-09-13 19:01:42,881 - src.backendbot.webhooks - INFO - âœ… Handler registrado para evento: DEPLOYMENT_SUCCESS
2025-09-13 19:01:42,881 - src.backendbot.webhooks - INFO - âœ… Handler registrado para evento: DEPLOYMENT_FAILED
2025-09-13 19:01:42,881 - src.backendbot.webhooks - INFO - âœ… Handler registrado para evento: SERVICE_CRASHED
2025-09-13 19:01:42,882 - src.backendbot.webhooks - INFO - âœ… Handler registrado para evento: DATABASE_BACKUP_COMPLETED
2025-09-13 19:01:42,882 - src.backendbot.webhooks - INFO - âœ… Handler registrado para evento: USAGE_ALERT
2025-09-13 19:01:42,882 - src.backendbot.webhooks - INFO - âœ… Handlers por defecto configurados
2025-09-13 19:01:42,882 - src.backendbot.railway_integration - INFO - âœ… Webhooks configurados
2025-09-13 19:01:42,883 - apscheduler.scheduler - INFO - Adding job tentatively -- it will be properly scheduled when the scheduler starts
2025-09-13 19:01:42,883 - src.backendbot.cron_jobs - INFO - âœ… Cron job agregado: cleanup_logs - 0 2 * * *
2025-09-13 19:01:42,883 - apscheduler.scheduler - INFO - Adding job tentatively -- it will be properly scheduled when the scheduler starts
2025-09-13 19:01:42,883 - src.backendbot.cron_jobs - INFO - âœ… Cron job agregado: backup_database - 0 3 * * *
2025-09-13 19:01:42,884 - apscheduler.scheduler - INFO - Adding job tentatively -- it will be properly scheduled when the scheduler starts
2025-09-13 19:01:42,884 - src.backendbot.cron_jobs - INFO - âœ… Cron job agregado: optimize_performance - 0 */6 * * *
2025-09-13 19:01:42,884 - apscheduler.scheduler - INFO - Adding job tentatively -- it will be properly scheduled when the scheduler starts
2025-09-13 19:01:42,884 - src.backendbot.cron_jobs - INFO - âœ… Cron job agregado: update_cache_stats - 0 */6 * * *
2025-09-13 19:01:42,884 - apscheduler.scheduler - INFO - Adding job tentatively -- it will be properly scheduled when the scheduler starts
2025-09-13 19:01:42,884 - src.backendbot.cron_jobs - INFO - âœ… Interval job agregado: health_check - cada 900 segundos
2025-09-13 19:01:42,884 - apscheduler.scheduler - INFO - Adding job tentatively -- it will be properly scheduled when the scheduler starts
2025-09-13 19:01:42,885 - src.backendbot.cron_jobs - INFO - âœ… Cron job agregado: maintenance_window - 0 4 * * 0
2025-09-13 19:01:42,885 - src.backendbot.cron_jobs - INFO - âœ… Jobs por defecto configurados con enfoque en ahorro de costos.
2025-09-13 19:01:42,900 - apscheduler.scheduler - INFO - Added job "cleanup_logs" to job store "default"
2025-09-13 19:01:42,901 - apscheduler.scheduler - INFO - Added job "backup_database" to job store "default"
2025-09-13 19:01:42,901 - apscheduler.scheduler - INFO - Added job "optimize_performance" to job store "default"
2025-09-13 19:01:42,901 - apscheduler.scheduler - INFO - Added job "update_cache_stats" to job store "default"
2025-09-13 19:01:42,901 - apscheduler.scheduler - INFO - Added job "health_check" to job store "default"
2025-09-13 19:01:42,901 - apscheduler.scheduler - INFO - Added job "maintenance_window" to job store "default"
2025-09-13 19:01:42,901 - apscheduler.scheduler - INFO - Scheduler started
2025-09-13 19:01:42,902 - src.backendbot.cron_jobs - INFO - âœ… Scheduler de cron jobs iniciado
2025-09-13 19:01:42,902 - src.backendbot.railway_integration - INFO - âœ… Cron jobs configurados e iniciados
2025-09-13 19:01:42,903 - src.backendbot.railway_integration - INFO - âœ… Monitoreo de sistema iniciado
2025-09-13 19:01:42,903 - src.backendbot.railway_integration - WARNING - âš ï¸  Redis cache no disponible
2025-09-13 19:01:42,903 - src.backendbot.railway_integration - INFO - ðŸŽ‰ IntegraciÃ³n de Railway completada exitosamente
2025-09-13 19:01:42,903 - backendbot - INFO - Railway integration initialized successfully
2025-09-13 19:01:42,959 - backendbot - INFO - Staging preview executed: 4 components
2025-09-13 19:01:42,971 - uvicorn.error - INFO - Application startup complete.
2025-09-13 19:01:47,761 - src.backendbot.monitor - INFO - Performance Metrics
2025-09-13 19:01:48,298 - uvicorn.access - INFO - 127.0.0.1:51044 - "GET /get-modo HTTP/1.1" 200
2025-09-13 19:01:48,301 - backendbot - INFO - âœ… Tray iniciado y menÃº actualizado.
2025-09-13 19:03:53,289 - backendbot - INFO - Error inesperado en _handle_process_monitoring para PID 4: notify() missing 1 required positional argument: 'message'
2025-09-13 19:06:48,785 - src.backendbot.monitor - INFO - Performance Metrics
2025-09-13 19:11:49,818 - src.backendbot.monitor - INFO - Performance Metrics
2025-09-13 19:16:42,899 - apscheduler.executors.default - INFO - Running job "health_check (trigger: interval[0:15:00], next run at: 2025-09-13 19:31:42 CST)" (scheduled at 2025-09-13 19:16:42.884165-06:00)
2025-09-13 19:16:43,917 - apscheduler.executors.default - INFO - Job "health_check (trigger: interval[0:15:00], next run at: 2025-09-13 19:31:42 CST)" executed successfully
2025-09-13 19:16:50,834 - src.backendbot.monitor - INFO - Performance Metrics
2025-09-13 19:18:02,426 - backendbot - INFO - Error inesperado en _handle_process_monitoring para PID 6812: notify() missing 1 required positional argument: 'message'
2025-09-13 19:21:51,860 - src.backendbot.monitor - INFO - Performance Metrics
2025-09-13 19:26:52,901 - src.backendbot.monitor - INFO - Performance Metrics
2025-09-13 19:31:42,894 - apscheduler.executors.default - INFO - Running job "health_check (trigger: interval[0:15:00], next run at: 2025-09-13 19:46:42 CST)" (scheduled at 2025-09-13 19:31:42.884165-06:00)
2025-09-13 19:31:43,910 - apscheduler.executors.default - INFO - Job "health_check (trigger: interval[0:15:00], next run at: 2025-09-13 19:46:42 CST)" executed successfully
2025-09-13 19:31:53,916 - src.backendbot.monitor - INFO - Performance Metrics
2025-09-13 19:34:13,324 - backendbot - INFO - Error inesperado en _handle_process_monitoring para PID 4: notify() missing 1 required positional argument: 'message'
2025-09-13 19:35:18,509 - backendbot - INFO - Error inesperado en _handle_process_monitoring para PID 4: notify() missing 1 required positional argument: 'message'
2025-09-13 19:36:54,938 - src.backendbot.monitor - INFO - Performance Metrics
2025-09-13 19:41:55,965 - src.backendbot.monitor - INFO - Performance Metrics
2025-09-13 19:46:42,896 - apscheduler.executors.default - INFO - Running job "health_check (trigger: interval[0:15:00], next run at: 2025-09-13 20:01:42 CST)" (scheduled at 2025-09-13 19:46:42.884165-06:00)
2025-09-13 19:46:43,914 - apscheduler.executors.default - INFO - Job "health_check (trigger: interval[0:15:00], next run at: 2025-09-13 20:01:42 CST)" executed successfully
2025-09-13 19:46:56,973 - src.backendbot.monitor - INFO - Performance Metrics
2025-09-13 19:47:30,929 - __main__ - INFO - Inicializando BackendBot...
2025-09-13 19:47:30,946 - __main__ - INFO - âœ… Base de datos inicializada
2025-09-13 19:47:31,039 - __main__ - INFO - GPU monitoring disponible
2025-09-13 19:47:31,039 - __main__ - INFO - Sistema inicializado correctamente
2025-09-13 19:47:31,039 - __main__ - INFO - Tray icon thread iniciado
2025-09-13 19:47:31,039 - __main__ - INFO - Iniciando servidor en 0.0.0.0:8000
2025-09-13 19:47:31,040 - __main__ - INFO - Dashboard disponible en: http://127.0.0.1:8000/dashboard
2025-09-13 19:47:31,040 - __main__ - INFO - Tray icon iniciado
2025-09-13 19:47:46,854 - __main__ - INFO - Inicializando BackendBot...
2025-09-13 19:47:46,879 - __main__ - INFO - âœ… Base de datos inicializada
2025-09-13 19:47:46,984 - __main__ - INFO - GPU monitoring disponible
2025-09-13 19:47:46,984 - __main__ - INFO - Sistema inicializado correctamente
2025-09-13 19:47:46,984 - __main__ - INFO - Tray icon thread iniciado
2025-09-13 19:47:46,985 - __main__ - INFO - Iniciando servidor en 0.0.0.0:8001
2025-09-13 19:47:46,985 - __main__ - INFO - Dashboard disponible en: http://127.0.0.1:8000/dashboard
2025-09-13 19:47:46,986 - __main__ - INFO - Tray icon iniciado
2025-09-13 19:51:48,669 - __main__ - INFO - Inicializando BackendBot...
2025-09-13 19:51:48,702 - __main__ - INFO - âœ… Base de datos inicializada
2025-09-13 19:51:48,845 - __main__ - INFO - GPU monitoring disponible
2025-09-13 19:51:48,846 - __main__ - INFO - Sistema inicializado correctamente
2025-09-13 19:51:48,847 - __main__ - INFO - Tray icon thread iniciado
2025-09-13 19:51:48,847 - __main__ - INFO - Iniciando servidor en 0.0.0.0:8001
2025-09-13 19:51:48,847 - __main__ - INFO - Dashboard disponible en: http://127.0.0.1:8000/dashboard
2025-09-13 19:51:48,848 - __main__ - INFO - Tray icon iniciado
2025-09-13 19:51:57,982 - src.backendbot.monitor - INFO - Performance Metrics
2025-09-13 19:52:39,555 - backendbot - INFO - Error inesperado en _handle_process_monitoring para PID 4: notify() missing 1 required positional argument: 'message'
2025-09-13 19:53:44,567 - backendbot - INFO - Error inesperado en _handle_process_monitoring para PID 4: notify() missing 1 required positional argument: 'message'
2025-09-13 19:56:58,994 - src.backendbot.monitor - INFO - Performance Metrics
2025-09-13 20:01:42,915 - apscheduler.executors.default - INFO - Running job "health_check (trigger: interval[0:15:00], next run at: 2025-09-13 20:16:42 CST)" (scheduled at 2025-09-13 20:01:42.884165-06:00)
2025-09-13 20:01:43,938 - apscheduler.executors.default - INFO - Job "health_check (trigger: interval[0:15:00], next run at: 2025-09-13 20:16:42 CST)" executed successfully
2025-09-13 20:02:00,013 - src.backendbot.monitor - INFO - Performance Metrics
2025-09-13 20:07:01,043 - src.backendbot.monitor - INFO - Performance Metrics
2025-09-13 20:12:02,071 - src.backendbot.monitor - INFO - Performance Metrics
2025-09-13 20:16:42,909 - apscheduler.executors.default - INFO - Running job "health_check (trigger: interval[0:15:00], next run at: 2025-09-13 20:31:42 CST)" (scheduled at 2025-09-13 20:16:42.884165-06:00)
2025-09-13 20:16:43,924 - apscheduler.executors.default - INFO - Job "health_check (trigger: interval[0:15:00], next run at: 2025-09-13 20:31:42 CST)" executed successfully
2025-09-13 20:17:03,089 - src.backendbot.monitor - INFO - Performance Metrics
2025-09-13 20:22:04,107 - src.backendbot.monitor - INFO - Performance Metrics
2025-09-13 20:27:05,126 - src.backendbot.monitor - INFO - Performance Metrics
2025-09-13 20:31:42,904 - apscheduler.executors.default - INFO - Running job "health_check (trigger: interval[0:15:00], next run at: 2025-09-13 20:46:42 CST)" (scheduled at 2025-09-13 20:31:42.884165-06:00)
2025-09-13 20:31:43,920 - apscheduler.executors.default - INFO - Job "health_check (trigger: interval[0:15:00], next run at: 2025-09-13 20:46:42 CST)" executed successfully
2025-09-13 20:32:06,158 - src.backendbot.monitor - INFO - Performance Metrics
2025-09-13 20:37:07,174 - src.backendbot.monitor - INFO - Performance Metrics
2025-09-13 20:42:08,197 - src.backendbot.monitor - INFO - Performance Metrics
2025-09-13 20:46:42,900 - apscheduler.executors.default - INFO - Running job "health_check (trigger: interval[0:15:00], next run at: 2025-09-13 21:01:42 CST)" (scheduled at 2025-09-13 20:46:42.884165-06:00)
2025-09-13 20:46:43,922 - apscheduler.executors.default - INFO - Job "health_check (trigger: interval[0:15:00], next run at: 2025-09-13 21:01:42 CST)" executed successfully
2025-09-13 20:47:09,247 - src.backendbot.monitor - INFO - Performance Metrics
2025-09-13 20:52:14,319 - src.backendbot.monitor - INFO - Performance Metrics
2025-09-13 20:57:15,336 - src.backendbot.monitor - INFO - Performance Metrics
2025-09-13 20:58:37,957 - backendbot - INFO - Error inesperado en _handle_process_monitoring para PID 4: notify() missing 1 required positional argument: 'message'
2025-09-13 21:01:42,897 - apscheduler.executors.default - INFO - Running job "health_check (trigger: interval[0:15:00], next run at: 2025-09-13 21:16:42 CST)" (scheduled at 2025-09-13 21:01:42.884165-06:00)
2025-09-13 21:01:43,916 - apscheduler.executors.default - INFO - Job "health_check (trigger: interval[0:15:00], next run at: 2025-09-13 21:16:42 CST)" executed successfully
2025-09-13 21:02:16,359 - src.backendbot.monitor - INFO - Performance Metrics
2025-09-13 21:07:17,395 - src.backendbot.monitor - INFO - Performance Metrics
2025-09-13 21:12:18,401 - src.backendbot.monitor - INFO - Performance Metrics
2025-09-13 21:16:42,912 - apscheduler.executors.default - INFO - Running job "health_check (trigger: interval[0:15:00], next run at: 2025-09-13 21:31:42 CST)" (scheduled at 2025-09-13 21:16:42.884165-06:00)
2025-09-13 21:16:43,927 - apscheduler.executors.default - INFO - Job "health_check (trigger: interval[0:15:00], next run at: 2025-09-13 21:31:42 CST)" executed successfully
2025-09-13 21:17:19,412 - src.backendbot.monitor - INFO - Performance Metrics
2025-09-13 21:22:20,432 - src.backendbot.monitor - INFO - Performance Metrics
2025-09-13 21:27:21,436 - src.backendbot.monitor - INFO - Performance Metrics
2025-09-13 21:29:03,301 - backendbot - INFO - Error inesperado en _handle_process_monitoring para PID 4: notify() missing 1 required positional argument: 'message'
2025-09-13 21:30:08,175 - backendbot - INFO - Error inesperado en _handle_process_monitoring para PID 4: notify() missing 1 required positional argument: 'message'
2025-09-13 21:31:42,909 - apscheduler.executors.default - INFO - Running job "health_check (trigger: interval[0:15:00], next run at: 2025-09-13 21:46:42 CST)" (scheduled at 2025-09-13 21:31:42.884165-06:00)
2025-09-13 21:31:43,927 - apscheduler.executors.default - INFO - Job "health_check (trigger: interval[0:15:00], next run at: 2025-09-13 21:46:42 CST)" executed successfully
2025-09-13 21:32:23,957 - src.backendbot.monitor - INFO - Performance Metrics
2025-09-13 21:37:24,988 - src.backendbot.monitor - INFO - Performance Metrics
2025-09-13 21:42:26,016 - src.backendbot.monitor - INFO - Performance Metrics
2025-09-13 21:46:42,902 - apscheduler.executors.default - INFO - Running job "health_check (trigger: interval[0:15:00], next run at: 2025-09-13 22:01:42 CST)" (scheduled at 2025-09-13 21:46:42.884165-06:00)
2025-09-13 21:46:43,917 - apscheduler.executors.default - INFO - Job "health_check (trigger: interval[0:15:00], next run at: 2025-09-13 22:01:42 CST)" executed successfully
2025-09-13 21:47:31,344 - src.backendbot.monitor - INFO - Performance Metrics
2025-09-13 21:52:32,344 - src.backendbot.monitor - INFO - Performance Metrics
2025-09-13 21:53:59,195 - backendbot - INFO - Error inesperado en _handle_process_monitoring para PID 6812: notify() missing 1 required positional argument: 'message'
2025-09-13 21:55:01,738 - backendbot - INFO - Error inesperado en _handle_process_monitoring para PID 0: notify() missing 1 required positional argument: 'message'
2025-09-13 21:57:33,358 - src.backendbot.monitor - INFO - Performance Metrics
2025-09-13 22:01:42,897 - apscheduler.executors.default - INFO - Running job "health_check (trigger: interval[0:15:00], next run at: 2025-09-13 22:16:42 CST)" (scheduled at 2025-09-13 22:01:42.884165-06:00)
2025-09-13 22:01:43,921 - apscheduler.executors.default - INFO - Job "health_check (trigger: interval[0:15:00], next run at: 2025-09-13 22:16:42 CST)" executed successfully
2025-09-13 22:02:34,364 - src.backendbot.monitor - INFO - Performance Metrics
2025-09-13 22:07:37,452 - src.backendbot.monitor - INFO - Performance Metrics
2025-09-13 22:12:38,451 - src.backendbot.monitor - INFO - Performance Metrics
2025-09-13 22:16:42,897 - apscheduler.executors.default - INFO - Running job "health_check (trigger: interval[0:15:00], next run at: 2025-09-13 22:31:42 CST)" (scheduled at 2025-09-13 22:16:42.884165-06:00)
2025-09-13 22:16:43,917 - apscheduler.executors.default - INFO - Job "health_check (trigger: interval[0:15:00], next run at: 2025-09-13 22:31:42 CST)" executed successfully
2025-09-13 22:17:39,467 - src.backendbot.monitor - INFO - Performance Metrics
2025-09-13 22:22:40,489 - src.backendbot.monitor - INFO - Performance Metrics
2025-09-13 22:27:41,510 - src.backendbot.monitor - INFO - Performance Metrics
2025-09-13 22:31:42,894 - apscheduler.executors.default - INFO - Running job "health_check (trigger: interval[0:15:00], next run at: 2025-09-13 22:46:42 CST)" (scheduled at 2025-09-13 22:31:42.884165-06:00)
2025-09-13 22:31:43,924 - apscheduler.executors.default - INFO - Job "health_check (trigger: interval[0:15:00], next run at: 2025-09-13 22:46:42 CST)" executed successfully
2025-09-13 22:32:44,679 - src.backendbot.monitor - INFO - Performance Metrics
2025-09-13 22:35:55,203 - backendbot - INFO - Error inesperado en _handle_process_monitoring para PID 0: notify() missing 1 required positional argument: 'message'
2025-09-13 22:37:00,174 - backendbot - INFO - Error inesperado en _handle_process_monitoring para PID 0: notify() missing 1 required positional argument: 'message'
2025-09-13 22:37:45,693 - src.backendbot.monitor - INFO - Performance Metrics
2025-09-13 22:38:05,455 - backendbot - INFO - Error inesperado en _handle_process_monitoring para PID 0: notify() missing 1 required positional argument: 'message'
2025-09-13 22:39:10,767 - backendbot - INFO - Error inesperado en _handle_process_monitoring para PID 0: notify() missing 1 required positional argument: 'message'
2025-09-13 22:40:16,017 - backendbot - INFO - Error inesperado en _handle_process_monitoring para PID 0: notify() missing 1 required positional argument: 'message'
2025-09-13 22:42:46,699 - src.backendbot.monitor - INFO - Performance Metrics
2025-09-13 22:46:42,898 - apscheduler.executors.default - INFO - Running job "health_check (trigger: interval[0:15:00], next run at: 2025-09-13 23:01:42 CST)" (scheduled at 2025-09-13 22:46:42.884165-06:00)
2025-09-13 22:46:43,911 - apscheduler.executors.default - INFO - Job "health_check (trigger: interval[0:15:00], next run at: 2025-09-13 23:01:42 CST)" executed successfully
2025-09-13 22:47:47,724 - src.backendbot.monitor - INFO - Performance Metrics
2025-09-13 22:52:10,598 - backendbot - INFO - Error inesperado en _handle_process_monitoring para PID 756: notify() missing 1 required positional argument: 'message'
2025-09-13 22:52:48,755 - src.backendbot.monitor - INFO - Performance Metrics
2025-09-13 22:57:49,788 - src.backendbot.monitor - INFO - Performance Metrics
2025-09-13 23:01:42,909 - apscheduler.executors.default - INFO - Running job "health_check (trigger: interval[0:15:00], next run at: 2025-09-13 23:16:42 CST)" (scheduled at 2025-09-13 23:01:42.884165-06:00)
2025-09-13 23:01:43,924 - apscheduler.executors.default - INFO - Job "health_check (trigger: interval[0:15:00], next run at: 2025-09-13 23:16:42 CST)" executed successfully
2025-09-13 23:02:50,810 - src.backendbot.monitor - INFO - Performance Metrics
2025-09-13 23:07:51,828 - src.backendbot.monitor - INFO - Performance Metrics
2025-09-13 23:12:44,579 - backendbot - INFO - Error inesperado en _handle_process_monitoring para PID 0: notify() missing 1 required positional argument: 'message'
2025-09-13 23:12:52,869 - src.backendbot.monitor - INFO - Performance Metrics
2025-09-13 23:16:42,904 - apscheduler.executors.default - INFO - Running job "health_check (trigger: interval[0:15:00], next run at: 2025-09-13 23:31:42 CST)" (scheduled at 2025-09-13 23:16:42.884165-06:00)
2025-09-13 23:16:43,920 - apscheduler.executors.default - INFO - Job "health_check (trigger: interval[0:15:00], next run at: 2025-09-13 23:31:42 CST)" executed successfully
2025-09-13 23:17:53,918 - src.backendbot.monitor - INFO - Performance Metrics
2025-09-13 23:22:29,786 - backendbot - INFO - Error inesperado en _handle_process_monitoring para PID 4: notify() missing 1 required positional argument: 'message'
2025-09-13 23:22:54,935 - src.backendbot.monitor - INFO - Performance Metrics
2025-09-13 23:28:00,815 - src.backendbot.monitor - INFO - Performance Metrics
2025-09-13 23:31:42,898 - apscheduler.executors.default - INFO - Running job "health_check (trigger: interval[0:15:00], next run at: 2025-09-13 23:46:42 CST)" (scheduled at 2025-09-13 23:31:42.884165-06:00)
2025-09-13 23:31:43,920 - apscheduler.executors.default - INFO - Job "health_check (trigger: interval[0:15:00], next run at: 2025-09-13 23:46:42 CST)" executed successfully
2025-09-13 23:33:01,854 - src.backendbot.monitor - INFO - Performance Metrics
2025-09-13 23:38:02,886 - src.backendbot.monitor - INFO - Performance Metrics
2025-09-13 23:43:03,906 - src.backendbot.monitor - INFO - Performance Metrics
2025-09-13 23:46:42,901 - apscheduler.executors.default - INFO - Running job "health_check (trigger: interval[0:15:00], next run at: 2025-09-14 00:01:42 CST)" (scheduled at 2025-09-13 23:46:42.884165-06:00)
2025-09-13 23:46:43,919 - apscheduler.executors.default - INFO - Job "health_check (trigger: interval[0:15:00], next run at: 2025-09-14 00:01:42 CST)" executed successfully
2025-09-13 23:48:04,950 - src.backendbot.monitor - INFO - Performance Metrics
2025-09-14 00:47:05,374 - apscheduler.executors.default - WARNING - Run time of job "optimize_performance (trigger: cron[month='*', day='*', day_of_week='*', hour='*/6', minute='0'], next run at: 2025-09-14 06:00:00 CST)" was missed by 0:47:05.372666
2025-09-14 00:47:05,379 - apscheduler.executors.default - WARNING - Run time of job "update_cache_stats (trigger: cron[month='*', day='*', day_of_week='*', hour='*/6', minute='0'], next run at: 2025-09-14 06:00:00 CST)" was missed by 0:47:05.379303
2025-09-14 00:47:05,380 - apscheduler.executors.default - WARNING - Run time of job "health_check (trigger: interval[0:15:00], next run at: 2025-09-14 01:01:42 CST)" was missed by 0:00:22.496141
2025-09-14 09:03:51,875 - backendbot - INFO - Acceso al endpoint raíz.
2025-09-14 09:05:25,245 - backendbot - ERROR - Intento de acceso a Redis sin conexión en Indexer Router.
2025-09-14 09:05:25,251 - backendbot - ERROR - Intento de acceso a Redis sin conexión en Indexer Router.
2025-09-14 09:06:02,600 - backendbot - INFO - Acceso al endpoint raíz.
2025-09-14 09:06:02,607 - backendbot - INFO - Acceso al endpoint de historial.
2025-09-14 09:06:02,612 - backendbot - ERROR - Intento de acceso a Redis sin conexión en Indexer Router.
2025-09-14 09:06:02,616 - backendbot - ERROR - Intento de acceso a Redis sin conexión en Indexer Router.
2025-09-14 09:06:02,621 - backendbot - ERROR - Intento de acceso a Redis sin conexión.
2025-09-14 09:06:02,626 - backendbot - ERROR - Intento de acceso a Redis sin conexión en Organizer Router.
2025-09-14 09:06:02,630 - backendbot - ERROR - Intento de acceso a Redis sin conexión en Organizer Router.
2025-09-14 09:06:02,634 - backendbot - ERROR - Intento de acceso a Redis sin conexión en Organizer Router.
2025-09-14 10:31:20,989 - backendbot - INFO - Acceso al endpoint de estadísticas de monitoreo.
2025-09-14 10:31:41,679 - backendbot - INFO - Orquestador: Iniciando...
2025-09-14 10:31:51,722 - backendbot - INFO - Acceso al endpoint de estadísticas de monitoreo.
2025-09-14 10:31:55,810 - backendbot - WARNING - No hay estadísticas de monitoreo disponibles todavía en la DB.
2025-09-14 10:32:08,302 - backendbot - INFO - Acceso al endpoint raíz.
2025-09-14 10:32:08,313 - backendbot - INFO - Acceso al endpoint de historial.
2025-09-14 10:32:08,319 - backendbot - INFO - Acceso al endpoint de búsqueda con query: test
2025-09-14 10:32:08,700 - backendbot - INFO - Comando recibido: Iniciar indexación en /test/path
2025-09-14 10:32:13,438 - backendbot - INFO - Acceso al endpoint de estadísticas de monitoreo.
2025-09-14 10:32:17,549 - backendbot - WARNING - No hay estadísticas de monitoreo disponibles todavía en la DB.
2025-09-14 10:32:17,625 - backendbot - INFO - Comando recibido: Iniciar escaneo de duplicados en /test/path
2025-09-14 10:32:22,358 - backendbot - INFO - Acceso al endpoint de duplicados encontrados.
2025-09-14 10:32:26,438 - backendbot - INFO - No hay duplicados encontrados todavía.
2025-09-14 10:32:26,443 - backendbot - INFO - Comando recibido: Eliminar 2 duplicados aprobados.
2025-09-14 10:34:05,426 - backendbot - INFO - Orquestador: Iniciando...
2025-09-14 10:36:20,140 - backendbot - INFO - Orquestador: Iniciando...
2025-09-14 10:36:51,345 - backendbot - INFO - Orquestador: Iniciando...
2025-09-14 10:42:54,467 - backendbot - INFO - Orquestador: Iniciando...
2025-09-14 10:52:48,118 - backendbot - INFO - Iniciando servidor FastAPI en http://localhost:8000
2025-09-14 10:52:57,399 - backendbot - INFO - Orquestador: Iniciando...
2025-09-14 10:54:12,248 - backendbot - INFO - Iniciando servidor FastAPI en http://localhost:8000
2025-09-14 10:54:21,679 - backendbot - INFO - Orquestador: Iniciando...
2025-09-14 10:54:25,799 - backendbot - WARNING - No se pudo loggear el inicio: (psycopg2.OperationalError) connection to server at "localhost" (::1), port 5432 failed: Connection refused (0x0000274D/10061)
	Is the server running on that host and accepting TCP/IP connections?
connection to server at "localhost" (127.0.0.1), port 5432 failed: Connection refused (0x0000274D/10061)
	Is the server running on that host and accepting TCP/IP connections?

(Background on this error at: https://sqlalche.me/e/20/e3q8)
2025-09-14 10:54:29,901 - backendbot - ERROR - Orquestador: Error al conectar con DB o crear tablas - (psycopg2.OperationalError) connection to server at "localhost" (::1), port 5432 failed: Connection refused (0x0000274D/10061)
	Is the server running on that host and accepting TCP/IP connections?
connection to server at "localhost" (127.0.0.1), port 5432 failed: Connection refused (0x0000274D/10061)
	Is the server running on that host and accepting TCP/IP connections?

(Background on this error at: https://sqlalche.me/e/20/e3q8)
2025-09-14 10:54:29,902 - backendbot - ERROR - Orquestador: Asegúrate de que la DB está en ejecución y configurada.
2025-09-14 10:54:33,995 - backendbot - WARNING - No se pudo loggear el error: (psycopg2.OperationalError) connection to server at "localhost" (::1), port 5432 failed: Connection refused (0x0000274D/10061)
	Is the server running on that host and accepting TCP/IP connections?
connection to server at "localhost" (127.0.0.1), port 5432 failed: Connection refused (0x0000274D/10061)
	Is the server running on that host and accepting TCP/IP connections?

(Background on this error at: https://sqlalche.me/e/20/e3q8)
2025-09-14 10:55:37,686 - backendbot - INFO - Iniciando servidor FastAPI en http://localhost:8000
